STAT_ID;NAME;Wahlberechtigte;Wahlbeteiligung;Gültige Stimmen;CDU_CDU;SPD;GREENS;FDP;LEFT;AFD;OTHERS
1;Schleswig-Holstein;2266012;76,3;1715641;583135;399505;205471;216844;124678;140362;45646
1001;Flensburg, kreisfreie Stadt;70105;70,9;49271;13382;12142;7416;5073;5699;3702;1857
1002;Kiel, Landeshauptstadt, kreisfreie Stadt;186988;74,1;137368;35525;33093;23995;15697;14699;9524;4835
1003;Lübeck, Hansestadt, kreisfreie Stadt;166673;71,4;117879;34108;30109;15223;12666;11431;10461;3881
1004;Neumünster, kreisfreie Stadt;60378;66,8;39861;12407;10252;4179;4830;2831;4124;1238
1051;Dithmarschen, Landkreis;107148;72,8;77337;28400;18087;6222;11263;4764;6626;1975
1053;Herzogtum Lauenburg, Landkreis;151988;77,4;116734;39942;26812;12222;14922;7733;11929;3174
1054;Nordfriesland, Landkreis;131595;75,3;98348;38063;21878;11904;12384;6177;5710;2232
1055;Ostholstein, Landkreis;165689;75,9;124741;44414;30908;12120;16608;7520;10553;2618
1056;Pinneberg, Landkreis;238533;78,7;186372;63863;42729;21336;24735;13111;15977;4621
1057;Plön, Landkreis;104905;80,2;83501;28555;19342;11387;10712;5277;6418;1810
1058;Rendsburg-Eckernförde, Landkreis;218493;78,8;170968;61796;38881;21485;21178;10809;12558;4261
1059;Schleswig-Flensburg, Landkreis;158366;77,2;121194;44938;28246;14888;13882;8303;7951;2986
1060;Segeberg, Landkreis;211659;77,1;161953;57040;36025;17007;21924;10982;14571;4404
1061;Steinburg, Landkreis;105066;75,4;78539;28317;18064;8346;9693;5467;6466;2186
1062;Stormarn, Landkreis;188426;80,9;151575;52385;32937;17741;21277;9875;13792;3568
2000;Hamburg;1296656;76;978118;266312;229862;136371;105610;119076;76511;44376
3;Niedersachsen;6124582;76,4;4646976;1623481;1E+06;404825;431405;322979;422362;166752
31;Braunschweig, Stat. Region;1238266;76,2;935575;294708;280089;77950;82120;69039;94040;37629
3101;Braunschweig, kreisfreie Stadt;192041;76,9;146657;42534;38695;17295;14684;13673;12268;7508
3102;Salzgitter, kreisfreie Stadt;73810;71,7;52313;13614;17567;2525;3471;4295;8599;2242
3103;Wolfsburg, kreisfreie Stadt;89886;73,9;65779;22448;18983;4058;5433;4752;7684;2421
3151;Gifhorn, Landkreis;135685;77,3;103996;37617;28356;7353;9034;6142;11877;3617
3153;Goslar, Landkreis;109372;74;80302;24948;25560;4974;7300;5625;8943;2952
3154;Helmstedt, Landkreis;73708;74,5;54339;18892;16930;3135;4311;3444;5387;2240
3155;Northeim, Landkreis;108355;75,4;81103;26385;27031;5513;7177;4630;7719;2648
3157;Peine, Landkreis;103238;77,5;79471;24647;26916;5612;6214;4878;8203;3001
3158;Wolfenbüttel, Landkreis;96897;79,8;76821;24161;23383;6214;6992;5435;7584;3052
3159;Göttingen, Landkreis;255274;76,9;194794;59462;56668;21271;17504;16165;15776;7948
32;Hannover, Stat. Region;1626433;76,7;1238734;396163;351792;116941;118700;90175;117425;47538
3241;Region Hannover, Landkreis;846165;77,3;649332;194416;178553;68996;65187;53488;61225;27467
3241001;Hannover, Landeshauptstadt;373316;76;281940;72604;74609;38371;28393;30293;23467;14203
3251;Diepholz, Landkreis;169438;76,7;129054;48595;32722;10570;13800;8034;10867;4466
3252;Hameln-Pyrmont, Landkreis;116772;74,6;86471;28191;26159;6538;7444;6274;9114;2751
3254;Hildesheim, Landkreis;218349;77,7;168297;54871;52077;14806;13876;10932;15695;6040
3255;Holzminden, Landkreis;56413;74,6;41702;12956;14191;2778;4248;2241;4012;1276
3256;Nienburg (Weser), Landkreis;94684;73,3;68935;25803;19267;5593;5840;3605;6760;2067
3257;Schaumburg, Landkreis;124612;76,7;94943;31331;28823;7660;8305;5601;9752;3471
33;Lüneburg, Stat. Region;1343771;77,4;1032816;374519;259683;94134;98316;69281;98608;38275
3351;Celle, Landkreis;139291;75,3;104208;38534;25222;7522;11280;5683;12234;3733
3352;Cuxhaven, Landkreis;158327;75,6;118888;45137;33069;8378;9638;8074;10597;3995
3353;Harburg, Landkreis;199081;81,3;160855;57815;35377;16410;18839;10117;16047;6250
3354;Lüchow-Dannenberg, Landkreis;39216;74,1;28853;9507;6945;3849;2226;2836;2241;1249
3355;Lüneburg, Landkreis;141649;79;111286;34354;25920;15057;10733;9869;10257;5096
3356;Osterholz, Landkreis;90283;78,4;70260;24072;18872;6296;6023;5746;6737;2514
3357;Rotenburg (Wümme), Landkreis;128993;77;98632;40479;24686;7933;8456;5722;7961;3395
3358;Heidekreis, Landkreis;108680;75,2;81087;30538;22812;5913;6732;4498;7872;2722
3359;Stade, Landkreis;157077;77,1;120411;44796;29928;10064;11894;7813;11404;4512
3360;Uelzen, Landkreis;75321;76;56798;20324;15677;4956;5054;3614;5320;1853
3361;Verden, Landkreis;105853;77,7;81538;28963;21175;7756;7441;5309;7938;2956
34;Weser-Ems, Stat. Region;1916112;75,7;1439851;558091;383608;115800;132269;94484;112289;43310
3401;Delmenhorst, kreisfreie Stadt;57062;70,3;39691;12137;11689;2610;3320;3139;5185;1611
3402;Emden, kreisfreie Stadt;38327;71,5;27110;6104;10369;2311;1928;2698;2707;993
3403;Oldenburg (Oldenburg), kreisfreie Stadt;129052;77,9;99807;26893;25590;15112;9514;11559;6678;4461
3404;Osnabrück, kreisfreie Stadt;123090;75,9;92810;29701;22230;13094;9243;9232;5769;3541
3405;Wilhelmshaven, kreisfreie Stadt;62279;70,5;43328;12962;13015;3107;3904;3756;4613;1971
3451;Ammerland, Landkreis;97201;77,6;74874;26524;19924;6709;8622;4792;5947;2356
3452;Aurich, Landkreis;153214;75,2;113961;33448;42984;8192;8151;7444;10170;3572
3453;Cloppenburg, Landkreis;119275;72,8;86177;45241;16070;3806;7558;3958;7808;1736
3454;Emsland, Landkreis;237596;77,5;182983;96251;37073;9974;16343;8040;11529;3773
3455;Friesland, Landkreis;81078;76;60979;20099;18674;4797;6135;4108;5013;2153
3456;Grafschaft Bentheim, Landkreis;97190;77,2;74582;33347;20899;4660;6610;3607;3918;1541
3457;Leer, Landkreis;130599;74,3;96239;32885;32205;6427;6857;5979;8874;3012
3458;Oldenburg, Landkreis;100619;78,8;78819;27808;19696;7113;9149;5192;7019;2842
3459;Osnabrück, Landkreis;272761;77;208554;85013;53635;17605;19669;12683;14670;5279
3460;Vechta, Landkreis;100767;76,3;76339;41060;12800;4401;7740;3187;5337;1814
3461;Wesermarsch, Landkreis;70015;72,5;50309;16581;16237;3802;4607;3236;4188;1658
3462;Wittmund, Landkreis;45987;73,2;33289;12037;10518;2080;2919;1874;2864;997
4;Bremen;474151;70,8;332323;83409;88944;36733;31056;44629;33244;14308
4011;Bremen, kreisfreie Stadt;393286;72,2;281286;70450;73173;32731;27189;38787;26851;12105
4012;Bremerhaven, kreisfreie Stadt;80865;64,1;51037;12959;15771;4002;3867;5842;6393;2203
5;Nordrhein-Westfalen;1,3E+07;75,4;9853377;3214013;3E+06;744970;1E+06;736904;928425;378137
51;Düsseldorf, Regierungsbezirk;3736990;74,5;2757746;873413;711241;196852;386181;209943;268142;111974
5111;Düsseldorf, kreisfreie Stadt;413939;76,5;314456;95658;66711;31527;55217;28786;24997;11560
5112;Duisburg, kreisfreie Stadt;328202;68,7;221408;53576;72620;12337;20860;18915;29343;13757
5113;Essen, kreisfreie Stadt;419680;73,9;307703;84119;87154;23468;38675;25249;35155;13883
5114;Krefeld, kreisfreie Stadt;163278;71,5;115709;36907;28787;8968;16920;9393;9569;5165
5116;Mönchengladbach, kreisfreie Stadt;190552;69,3;130836;46786;30547;8169;17946;9627;12373;5388
5117;Mülheim an der Ruhr, kreisfreie Stadt;124310;77,5;95572;27160;27003;7055;13313;7395;10119;3527
5119;Oberhausen, kreisfreie Stadt;152264;72;108531;28171;36209;5678;10346;8978;14226;4923
5120;Remscheid, kreisfreie Stadt;77247;71,9;54977;17467;14226;3479;7350;3991;5847;2617
5122;Solingen, kreisfreie Stadt;112624;72,8;81222;25465;20151;6076;11710;6609;7874;3337
5124;Wuppertal, kreisfreie Stadt;241103;73,2;174837;47727;45062;14925;22324;18189;18931;7679
5154;Kleve, Kreis;226096;74,8;167658;69700;39316;10098;22687;9366;11621;4870
5158;Mettmann, Kreis;368473;77,6;283605;94727;67088;20395;45448;18674;26979;10294
5162;Rhein-Kreis Neuss;334133;77,2;255871;94615;56021;16283;43062;14876;21918;9096
5166;Viersen, Kreis;227423;76,2;172018;65475;38368;11591;27576;10342;12841;5825
5170;Wesel, Kreis;357666;77,1;273343;85860;81978;16803;32747;19553;26349;10053
53;Köln, Regierungsbezirk;3249261;77;2480132;797155;602545;227403;350140;196066;212029;94794
5314;Bonn, kreisfreie Stadt;227583;79,3;179208;53334;36119;25197;28113;17133;13136;6176
5315;Köln, kreisfreie Stadt;732825;75,8;552188;145657;126988;74849;76122;63324;40019;25229
5316;Leverkusen, kreisfreie Stadt;116593;75,2;86757;26748;23683;6026;11274;6449;8936;3641
5334;Städteregion Aachen (einschl. Stadt Aachen);407521;77;311408;91483;95202;26354;39008;24564;23124;11673
5334002;Aachen, krfr. Stadt;179273;78,4;139801;38827;34663;17918;19795;14459;8271;5868
5358;Düren, Kreis;199675;75,9;150134;52412;43816;8198;17155;8809;14432;5312
5362;Rhein-Erft-Kreis;345328;77,1;264200;88179;68410;18331;38057;16296;25350;9577
5366;Euskirchen, Kreis;150407;75,1;111864;41988;25102;6642;16751;6499;11066;3816
5370;Heinsberg, Kreis;190051;74,9;140890;55605;36421;7281;16111;7909;12313;5250
5374;Oberbergischer Kreis;208418;75,1;155034;56567;35078;9995;21353;9887;16413;5741
5378;Rheinisch-Bergischer Kreis;217425;80,2;172529;61423;36221;15581;28787;11042;13777;5698
5382;Rhein-Sieg-Kreis;453435;79,1;355920;123759;75505;28949;57409;24154;33463;12681
55;Münster, Regierungsbezirk;1969231;76,8;1501087;542396;392054;106667;179136;98509;131367;50958
5512;Bottrop, kreisfreie Stadt;88352;75,1;65788;18476;21388;3161;6826;4719;8244;2974
5513;Gelsenkirchen, kreisfreie Stadt;175210;68,2;118066;26452;39524;5489;10834;8703;20113;6951
5515;Münster, kreisfreie Stadt;232294;82,3;190126;62276;39714;27739;25684;19287;9393;6033
5554;Borken, Kreis;278058;78,1;215672;101248;46112;12249;28147;9429;13236;5251
5558;Coesfeld, Kreis;172726;81,1;139233;61149;29430;10234;18926;7483;8658;3353
5562;Recklinghausen, Kreis;473084;74;347120;102678;108671;18408;36348;23744;42630;14641
5566;Steinfurt, Kreis;339903;77,9;262938;104760;68223;18572;31196;16147;17068;6972
5570;Warendorf, Kreis;209604;78;162144;65357;38992;10815;21175;8997;12025;4783
57;Detmold, Regierungsbezirk;1544553;75;1147988;395105;288495;88169;140698;83017;113350;39154
5711;Bielefeld, kreisfreie Stadt;237576;75,5;177777;48916;45103;19748;20524;19943;15987;7556
5754;Gütersloh, Kreis;263215;75,7;197355;75432;45035;15620;25864;12033;17199;6172
5758;Herford, Kreis;191877;73,8;140255;44102;40738;9627;15845;9753;15283;4907
5762;Höxter, Kreis;112543;76,7;85418;36255;18910;4615;10808;4762;7624;2444
5766;Lippe, Kreis;268984;75,3;200310;62898;55637;14448;24651;13825;21720;7131
5770;Minden-Lübbecke, Kreis;241302;73,9;176465;58052;51168;11483;20206;11268;18644;5644
5774;Paderborn, Kreis;229056;75;170408;69450;31904;12628;22800;11433;16893;5300
59;Arnsberg, Regierungsbezirk;2674542;74,2;1966424;605944;563541;125879;236897;149369;203537;81257
5911;Bochum, kreisfreie Stadt;273708;75,3;204348;50808;62661;17130;21821;20703;21364;9861
5913;Dortmund, kreisfreie Stadt;414616;72,3;297339;72789;92937;24892;32596;28430;30707;14988
5914;Hagen, kreisfreie Stadt;132850;70,8;93170;26297;27565;4966;11050;6948;11965;4379
5915;Hamm, kreisfreie Stadt;126462;72,4;90727;27760;28500;4761;9341;6473;10105;3787
5916;Herne, kreisfreie Stadt;111999;70,4;77846;18401;26894;4146;7188;6110;10827;4280
5954;Ennepe-Ruhr-Kreis;253040;76,5;192048;53959;56750;14849;24942;14887;18847;7814
5958;Hochsauerlandkreis;202768;76;152814;63651;34865;7198;21919;8183;12216;4782
5962;Märkischer Kreis;304554;72,1;217529;73881;56694;10792;29128;14195;24512;8327
5966;Olpe, Kreis;102708;76,5;77982;36574;15768;3134;10958;3437;6023;2088
5970;Siegen-Wittgenstein, Kreis;212912;76,2;160959;54648;42551;8857;19125;12624;17154;6000
5974;Soest, Kreis;232301;75,1;173074;62764;43184;10723;23296;11702;16165;5240
5978;Unna, Kreis;306624;75,3;228588;64412;75172;14431;25533;15677;23652;9711
6;Hessen;4408986;77;3348900;1033200;788427;323736;386742;271158;398712;146925
64;Darmstadt, Regierungsbezirk;2677969;77,5;2048994;627973;443917;220301;260716;170392;233590;92105
6411;Darmstadt, kreisfreie Stadt;106512;78,6;82941;19753;17127;15255;8868;10828;6930;4180
6412;Frankfurt am Main, kreisfreie Stadt;423717;74,9;314000;82952;63254;45890;44325;37238;27079;13262
6413;Offenbach am Main, kreisfreie Stadt;66812;67,6;44375;12077;10550;4689;4343;5197;5339;2180
6414;Wiesbaden, Landeshauptstadt, kreisfreie Stadt;189372;73,8;138229;40022;29247;16286;18400;13160;15496;5618
6431;Bergstraße, Landkreis;198418;78,7;154094;51088;34435;13595;18196;10197;19923;6660
6432;Darmstadt-Dieburg, Landkreis;215017;79,6;169028;51942;40312;17960;18654;13477;18761;7922
6433;Groß-Gerau, Landkreis;174727;76,3;131180;39950;33318;11862;12645;10755;15943;6707
6434;Hochtaunuskreis;164970;82,1;134100;45571;23468;14373;23674;8420;13681;4913
6435;Main-Kinzig-Kreis;299541;76,6;226181;69798;52770;17961;24860;16132;33270;11390
6436;Main-Taunus-Kreis;166249;81,3;133588;46032;24836;14170;20942;8304;14099;5205
6437;Odenwaldkreis;70995;76,6;53442;16673;14382;3903;5021;4129;6985;2349
6438;Offenbach, Landkreis;237902;78,4;184112;60710;37302;18015;24327;13571;21947;8240
6439;Rheingau-Taunus-Kreis;138563;80,4;110224;36763;22846;10754;15157;7312;12802;4590
6440;Wetteraukreis;225174;78;173500;54642;40070;15588;21304;11672;21335;8889
65;Gießen, Regierungsbezirk;787821;76,1;590952;188306;145882;48967;58827;47019;74952;26999
6531;Gießen, Landkreis;199159;76,9;151332;44416;35881;15509;16085;13137;18292;8012
6532;Lahn-Dill-Kreis;190754;73,6;138343;46885;33964;9342;13230;9119;19258;6545
6533;Limburg-Weilburg, Landkreis;129367;76,2;97181;34318;22187;6802;11161;6099;12344;4270
6534;Marburg-Biedenkopf, Landkreis;183296;77,7;140786;42377;37202;13088;12191;14420;16125;5383
6535;Vogelsbergkreis;85245;76;63310;20310;16648;4226;6160;4244;8933;2789
66;Kassel, Regierungsbezirk;943196;76,5;708954;216921;198628;54468;67199;53747;90170;27821
6611;Kassel, kreisfreie Stadt;140832;73;101389;23945;25872;13917;9038;13805;10083;4729
6631;Fulda, Landkreis;169854;77,3;128699;52627;20829;8594;14021;7163;20794;4671
6632;Hersfeld-Rotenburg, Landkreis;94380;76,2;70681;21175;22419;3628;6242;4280;10382;2555
6633;Kassel, Landkreis;189184;78,6;146395;40689;49005;10668;13247;10820;16599;5367
6634;Schwalm-Eder-Kreis;143270;78,1;109748;30829;35770;7199;9827;7071;14122;4930
6635;Waldeck-Frankenberg, Landkreis;124064;75;91656;30300;24415;6247;9970;6142;11399;3183
6636;Werra-Meißner-Kreis;81612;75,7;60386;17356;20318;4215;4854;4466;6791;2386
7;Rheinland-Pfalz;3080591;77,7;2362506;848003;570518;179233;245235;160912;265688;92917
71;Koblenz, Stat. Region;1157097;76,9;878999;335637;216120;56924;94039;55255;90796;30228
7111;Koblenz, kreisfreie Stadt;84958;75,3;63324;22712;14354;6253;7193;5105;5316;2391
7131;Ahrweiler, Landkreis;101162;79,3;79453;33243;16190;5723;10353;4520;6997;2427
7132;Altenkirchen (Westerwald), Landkreis;100773;75,4;75135;29170;19147;3962;7488;4750;8213;2405
7133;Bad Kreuznach, Landkreis;120430;76,6;91243;31286;24429;6294;9219;6032;10544;3439
7134;Birkenfeld, Landkreis;64742;73,6;46968;15903;13477;2335;4435;3461;5654;1703
7135;Cochem-Zell, Landkreis;48925;78,5;37839;17743;7927;1843;4165;1871;3226;1064
7137;Mayen-Koblenz, Landkreis;166711;76,7;126480;50805;30647;8083;13116;7222;12783;3824
7138;Neuwied, Landkreis;138511;76,3;103925;39187;26300;6776;10583;6588;11060;3431
7140;Rhein-Hunsrück-Kreis;80985;78,2;62512;24201;15142;3735;6897;4126;6135;2276
7141;Rhein-Lahn-Kreis;95682;77,7;73527;24515;20672;4926;7495;4720;8029;3170
7143;Westerwaldkreis;154218;77,7;118593;46872;27835;6994;13095;6860;12839;4098
72;Trier, Stat. Region;400292;78;308282;125135;71935;23131;30591;22513;24619;10358
7211;Trier, kreisfreie Stadt;80382;74,8;59606;19358;14163;7269;5650;6499;4624;2043
7231;Bernkastel-Wittlich, Landkreis;86614;78;66783;28285;14629;4060;7398;4225;5605;2581
7232;Eifelkreis Bitburg-Prüm;72690;76,6;54610;24001;12684;3502;5510;3024;4046;1843
7233;Vulkaneifel, Landkreis;48142;77,7;37008;16967;7672;2057;3842;2330;3042;1098
7235;Trier-Saarburg, Landkreis;112464;81,3;90275;36524;22787;6243;8191;6435;7302;2793
73;Rheinhessen-Pfalz, Stat. Region;1523202;78,1;1175225;387231;282463;99178;120605;83144;150273;52331
7311;Frankenthal (Pfalz), kreisfreie Stadt;33743;73,7;24474;7949;5617;1659;2426;1852;4041;930
7312;Kaiserslautern, kreisfreie Stadt;72154;71,3;50729;14266;12704;4432;5247;4794;6937;2349
7313;Landau in der Pfalz, kreisfreie Stadt;35852;77,6;27569;8386;5830;3951;2769;2567;2762;1304
7314;Ludwigshafen am Rhein, kreisfreie Stadt;102805;70,3;70951;19582;19289;5134;6487;5274;11583;3602
7315;Mainz, kreisfreie Stadt;147529;80,8;118345;36376;25349;17958;13090;11591;8677;5304
7316;Neustadt an der Weinstraße, kreisfreie Stadt;40886;78,9;31791;11292;6404;3174;3463;1854;3826;1778
7317;Pirmasens, kreisfreie Stadt;31522;68,4;21147;6602;5551;839;2015;1697;3411;1032
7318;Speyer, kreisfreie Stadt;36553;76,3;27551;8820;5938;2962;2756;2231;3726;1118
7319;Worms, kreisfreie Stadt;58753;73,4;42450;12995;10928;3288;4075;3027;6360;1777
7320;Zweibrücken, kreisfreie Stadt;26396;71,5;18612;5623;4899;1115;1693;1750;2704;828
7331;Alzey-Worms, Landkreis;97517;80,7;77751;25007;20414;5645;8058;4737;10741;3149
7332;Bad Dürkheim, Landkreis;105022;81,2;84317;29341;19803;6643;9853;4730;10418;3529
7333;Donnersbergkreis;58490;76,2;43950;13188;12466;2768;4059;2985;6007;2477
7334;Germersheim, Landkreis;94287;78,4;73041;25268;15906;4964;7586;4284;11919;3114
7335;Kaiserslautern, Landkreis;81619;77,4;61873;20740;16051;3481;5281;4447;8657;3216
7336;Kusel, Landkreis;57338;76,8;43441;12191;14055;2188;3266;3463;6063;2215
7337;Südliche Weinstraße, Landkreis;87494;80,7;69797;25655;15557;5873;7205;4124;8510;2873
7338;Rhein-Pfalz-Kreis;117136;81,7;94710;33649;20665;7438;10587;5210;13117;4044
7339;Mainz-Bingen, Landkreis;158824;82,6;129998;46056;29983;12973;14928;8604;12735;4719
7340;Südwestpfalz, Landkreis;79282;80,4;62728;24245;15054;2693;5761;3923;8079;2973
8;Baden-Württemberg, Land;7732597;78,3;5992968;2061687;982370;807205;762008;380727;730499;268472
81;Stuttgart, Regierungsbezirk;2816290;78,9;2201489;739102;362215;287499;305667;134074;277017;95915
8111;Stuttgart, Landeshauptstadt, Stadtkreis;376869;79,6;298012;86352;46808;52354;45413;27383;26354;13348
8115;Böblingen, Landkreis;261381;80,2;207896;73671;32036;26485;31660;11063;24427;8554
8116;Esslingen, Landkreis;365559;80,8;292713;98033;46645;42155;42027;17076;34119;12658
8117;Göppingen, Landkreis;178409;77,1;135948;45290;23924;16749;17188;6882;19956;5959
8118;Ludwigsburg, Landkreis;365200;80,6;291935;96751;48464;40165;42127;17033;34667;12728
8119;Rems-Murr-Kreis, Landkreis;296469;79,3;233215;76707;37312;28102;36152;12948;31891;10103
8121;Heilbronn, , Universitätsstadt, Stadtkreis;77642;73;55900;16195;10342;6285;7499;3841;9154;2584
8125;Heilbronn, Landkreis;241562;79,4;189560;62850;32086;20192;26186;9604;29824;8818
8126;Hohenlohekreis, Landkreis;82646;77,2;63123;22720;9804;6817;8444;3253;9367;2718
8127;Schwäbisch Hall, Landkreis;143139;75,4;106672;35495;17668;13695;13185;6341;15460;4828
8128;Main-Tauber-Kreis, Landkreis;102171;78,6;79310;31568;12653;7154;8897;4485;10765;3788
8135;Heidenheim, Landkreis;94168;75,8;70526;24004;14527;8161;7047;4259;9366;3162
8136;Ostalbkreis, Landkreis;231075;77,3;176679;69466;29946;19185;19842;9906;21667;6667
82;Karlsruhe, Regierungsbezirk;1961296;77,8;1510784;502873;263625;189490;187214;100286;197570;69726
8211;Baden-Baden, Stadtkreis;38689;75,6;28964;10796;4571;3835;3996;1778;3087;901
8212;Karlsruhe, Stadtkreis;208868;77,6;160911;44776;27044;29408;19251;15452;16741;8239
8215;Karlsruhe, Landkreis;323462;79,6;254731;91012;42541;29169;31758;13686;34526;12039
8216;Rastatt, Landkreis;167795;76,2;126284;48002;21803;13931;13851;6591;16614;5492
8221;Heidelberg, Stadtkreis;99213;81,6;80519;21524;13996;17610;9705;8401;6251;3032
8222;Mannheim, Stadtkreis;197289;73;142723;38746;30309;18803;16050;12989;18309;7517
8225;Neckar-Odenwald-Kreis, Landkreis;108705;76,4;81915;32640;14522;6488;8667;4422;11524;3652
8226;Rhein-Neckar-Kreis, Landkreis;399677;80,2;317052;104683;59906;37388;39647;20256;40696;14476
8231;Pforzheim, Stadtkreis;76473;69,4;52290;15812;8732;4917;6798;3443;10099;2489
8235;Calw, Landkreis;111507;78,1;86064;32465;12288;8853;11170;4520;13091;3677
8236;Enzkreis, Landkreis;143104;80,3;113790;38552;18369;12952;15845;5509;17008;5555
8237;Freudenstadt, Landkreis;86514;76,7;65541;23865;9544;6136;10476;3239;9624;2657
83;Freiburg, Regierungsbezirk;1625563;77,2;1241623;436885;205733;183528;141597;81489;135307;57084
8311;Freiburg im Breisgau, Stadtkreis;156234;80,9;125612;30720;22200;29284;10993;16851;9103;6461
8315;Breisgau-Hochschwarzwald, Landkreis;193133;80,8;154593;56194;25729;25079;17003;9634;14304;6650
8316;Emmendingen, Landkreis;123390;79,6;97150;34175;17835;14489;10215;6000;9740;4696
8317;Ortenaukreis, Landkreis;315797;75,4;234940;87682;39431;30974;25741;12499;28243;10370
8325;Rottweil, Landkreis;103246;76,8;78315;29924;11412;7937;10671;3496;10820;4055
8326;Schwarzwald-Baar-Kreis, Landkreis;149692;75,6;111732;41772;17215;13676;13734;6108;14306;4921
8327;Tuttlingen, Landkreis;95981;75,7;71735;27136;10488;7392;9657;3645;10122;3295
8335;Konstanz, Landkreis;205135;77,4;157383;52194;24529;25202;20758;11306;16215;7179
8336;Lörrach, Landkreis;163239;75,3;121697;41611;22249;18255;13267;7426;13209;5680
8337;Waldshut, Landkreis;119716;74,7;88466;35477;14645;11240;9558;4524;9245;3777
84;Tübingen, Regierungsbezirk;1329448;78,9;1039072;382827;150797;146688;127530;64878;120605;45747
8415;Reutlingen, Landkreis;199934;78,8;156059;53873;23321;21695;21425;9543;20171;6031
8416;Tübingen, Landkreis;160138;82,6;131254;39529;20620;25583;15081;13510;11593;5338
8417;Zollernalbkreis, Landkreis;138802;75,3;103134;36517;15641;11281;14520;5613;15030;4532
8421;Ulm, Stadtkreis;83048;78,1;64382;19870;11269;10950;7621;4910;6542;3220
8425;Alb-Donau-Kreis, Landkreis;139625;80,6;111481;45118;16620;13210;12656;5066;13890;4921
8426;Biberach, Landkreis;145848;78,9;113868;48968;14575;12742;12610;5214;14370;5389
8435;Bodenseekreis, Landkreis;157226;79,9;124593;45851;17834;18476;16669;7683;12825;5255
8436;Ravensburg, Landkreis;208135;78,2;161194;63458;21380;23757;18152;9672;16767;8008
8437;Sigmaringen, Landkreis;96692;76,5;73107;29643;9537;8994;8796;3667;9417;3053
9;Bayern;9522371;78,1;7393210;2869688;1E+06;722116;751248;450803;916300;552124
91;Oberbayern, Regierungsbezirk;3221629;79,6;2552018;960008;345164;310425;311907;154985;285249;184280
9161;Ingolstadt;91076;71,4;64583;23752;9233;5615;7040;4475;9890;4578
9162;München, Landeshauptstadt;923612;78,5;722141;216444;116764;124365;102643;59758;60414;41753
9163;Rosenheim;41335;74,2;30453;10799;4138;3482;3354;1929;4474;2277
9171;Altötting, Landkreis;82790;74,9;61522;27349;8228;4182;5154;3606;8373;4630
9172;Berchtesgadener Land, Landkreis;74656;75,8;56192;25337;6458;4652;5137;2928;7376;4304
9173;Bad Tölz-Wolfratshausen, Landkreis;92461;79,9;73351;30207;8068;7685;8557;3944;8740;6150
9174;Dachau, Landkreis;104757;81,5;84948;35667;11130;8163;9028;3997;10471;6492
9175;Ebersberg, Landkreis;98996;84,1;82880;31795;10644;10316;10906;4375;8573;6271
9176;Eichstätt, Landkreis;97698;82,2;79774;35401;10503;5270;6704;3597;11760;6539
9177;Erding, Landkreis;99202;80,8;79722;31730;9299;7452;8501;3977;10793;7970
9178;Freising, Landkreis;121069;80,6;97073;35721;11913;11713;10707;5586;11985;9448
9179;Fürstenfeldbruck, Landkreis;154694;82,4;126937;48042;18493;15298;15715;6856;13819;8714
9180;Garmisch-Partenkirchen, Landkreis;65566;79,7;51981;23739;4815;4585;5850;2453;6572;3967
9181;Landsberg am Lech, Landkreis;89756;81,8;73060;29073;8889;9075;8361;4158;7968;5536
9182;Miesbach, Landkreis;73066;80,4;58466;24579;6389;5920;7786;2542;6651;4599
9183;Mühldorf a.Inn, Landkreis;85431;75,9;64388;28068;7283;4426;6055;3053;9957;5546
9184;München, Landkreis;235172;83,9;196365;73189;27490;24837;30054;9996;18470;12329
9185;Neuburg-Schrobenhausen, Landkreis;71702;77,8;55420;24858;6717;3450;4968;2440;8351;4636
9186;Pfaffenhofen a.d.Ilm, Landkreis;92806;77,6;71627;30154;9087;5193;7043;3238;10865;6047
9187;Rosenheim, Landkreis;193835;80,4;155004;64379;16829;15089;16957;7520;21223;13007
9188;Starnberg, Landkreis;96546;84,4;81168;30351;9749;11461;13851;4216;7136;4404
9189;Traunstein, Landkreis;133810;77,7;103377;45859;12458;10028;9477;5580;11815;8160
9190;Weilheim-Schongau, Landkreis;101593;80,8;81586;33515;10587;8168;8059;4761;9573;6923
92;Niederbayern, Regierungsbezirk;936477;74,5;692739;283104;94996;40101;61770;33619;115770;63379
9261;Landshut;49285;75,1;36605;12864;5030;3912;4670;2351;4751;3027
9262;Passau;38052;73,7;27889;10116;4347;3036;3073;2167;3533;1617
9263;Straubing;34344;67,9;23150;8960;3380;1483;2197;1417;3988;1725
9271;Deggendorf, Landkreis;91951;71,3;65167;26579;8757;3278;5122;3405;11980;6046
9272;Freyung-Grafenau, Landkreis;63822;72,3;45906;18590;6921;1882;3264;2144;9221;3884
9273;Kelheim, Landkreis;88028;76,1;66545;27887;9631;4153;5501;3004;9914;6455
9274;Landshut, Landkreis;117820;79,1;92730;36566;10843;6056;9514;4080;14002;11669
9275;Passau, Landkreis;150221;73,9;110363;45834;16599;5725;9427;5533;18998;8247
9276;Regen, Landkreis;62255;73;44783;18144;6906;1761;3106;2016;9261;3589
9277;Rottal-Inn, Landkreis;92055;73,9;67614;29737;8461;3747;6241;3025;10332;6071
9278;Straubing-Bogen, Landkreis;77354;78,4;60276;26608;7226;2602;5005;2157;10327;6351
9279;Dingolfing-Landau, Landkreis;71290;73;51711;21219;6895;2466;4650;2320;9463;4698
93;Oberpfalz, Regierungsbezirk;853625;77,5;656489;268958;105415;46057;49660;35750;92592;58057
9361;Amberg;32744;70,7;22944;8255;4035;1814;1997;1755;3418;1670
9362;Regensburg;105833;76,4;80429;26698;11951;11709;8094;7598;8686;5693
9363;Weiden i.d.OPf.;32995;70,5;23046;8596;4657;1488;1897;1544;3354;1510
9371;Amberg-Sulzbach, Landkreis;82116;79,1;64479;26463;11739;3952;4552;3367;8398;6008
9372;Cham, Landkreis;101946;74;74888;31945;10069;3253;5229;3046;13487;7859
9373;Neumarkt i.d.OPf., Landkreis;101016;80,6;80782;37002;10306;6231;6305;3826;9734;7378
9374;Neustadt a.d.Waldnaab, Landkreis;75953;79,3;59704;25448;11706;2771;3670;2657;8324;5128
9375;Regensburg, Landkreis;147083;80,2;117232;48022;16631;8623;9625;5661;16939;11731
9376;Schwandorf, Landkreis;114472;76,1;86393;34882;16053;4049;5379;4293;14519;7218
9377;Tirschenreuth, Landkreis;59467;79;46592;21647;8268;2167;2912;2003;5733;3862
94;Oberfranken, Regierungsbezirk;844550;77,9;652833;264495;124730;47383;55337;36884;80768;43236
9461;Bamberg;55773;76;42172;13174;6969;6107;4533;3802;4823;2764
9462;Bayreuth;57170;73,2;41629;14969;7687;4637;4924;3039;4012;2361
9463;Coburg;31781;74;23365;7754;4942;2471;2460;1902;2495;1341
9464;Hof;33437;70,7;23346;8500;4662;1628;2169;1648;3248;1491
9471;Bamberg, Landkreis;116290;81,3;93939;40071;14148;5862;8055;4637;14551;6615
9472;Bayreuth, Landkreis;84462;79,8;67020;30147;12827;4054;5119;3104;7293;4476
9473;Coburg, Landkreis;70038;78,6;54616;21356;12142;3752;4605;2971;6549;3241
9474;Forchheim, Landkreis;90139;81,7;73285;31084;11265;6441;6433;4071;8645;5346
9475;Hof, Landkreis;77737;78,4;60497;24945;13223;3086;4595;3090;7495;4063
9476;Kronach, Landkreis;55446;77,2;42392;18519;9927;1870;2830;1950;4984;2312
9477;Kulmbach, Landkreis;59443;77,8;45935;19438;9316;2874;3508;2311;5248;3240
9478;Lichtenfels, Landkreis;54067;76,7;40882;18430;7190;2264;2908;1840;5383;2867
9479;Wunsiedel i.Fichtelgebirge, Landkreis;58767;75,2;43755;16108;10432;2337;3198;2519;6042;3119
95;Mittelfranken, Regierungsbezirk;1281564;77,8;989969;347042;182094;108749;88944;79002;113219;70919
9561;Ansbach;31067;71,5;22048;7153;4101;2239;1750;2218;2918;1669
9562;Erlangen;77280;80,4;61897;19604;10997;10056;6569;5779;4982;3910
9563;Fürth;86606;73,7;63288;18146;13219;7521;5778;6807;7501;4316
9564;Nürnberg;343832;74,2;253253;73217;49473;31503;24322;26940;30453;17345
9565;Schwabach;30191;76,7;23028;7771;4450;2572;2289;1662;2729;1555
9571;Ansbach, Landkreis;140308;77,8;108509;44368;17794;9245;8361;7079;12724;8938
9572;Erlangen-Höchstadt, Landkreis;103450;83;85475;32810;14581;9806;8404;5336;8971;5567
9573;Fürth, Landkreis;91482;81,5;74047;26574;13928;7690;6878;5016;8991;4970
9574;Nürnberger Land, Landkreis;130070;82,2;106353;37979;20488;10933;9549;7255;12159;7990
9575;Neustadt a.d.Aisch-Bad Windsheim, Landkreis;77403;78,1;60009;24752;9942;5329;4889;3619;6541;4937
9576;Roth, Landkreis;97490;81;78201;31764;13552;7100;6441;4380;9158;5806
9577;Weißenburg-Gunzenhausen, Landkreis;72385;75,3;53861;22904;9569;4755;3714;2911;6092;3916
96;Unterfranken, Regierungsbezirk;1020614;79,6;806148;327301;139294;72166;77016;50699;87817;51855
9661;Aschaffenburg;49763;73,5;36150;12053;6399;4077;4247;2917;4336;2121
9662;Schweinfurt;37922;69,3;25987;8239;5199;1855;2327;2802;4066;1499
9663;Würzburg;98602;77,3;75779;24015;12732;12581;8644;7016;6063;4728
9671;Aschaffenburg, Landkreis;133599;81,1;107280;42956;18799;9355;11363;5782;12306;6719
9672;Bad Kissingen, Landkreis;83783;78,7;65465;29578;9968;4571;6011;3801;7459;4077
9673;Rhön-Grabfeld, Landkreis;64277;78,3;49927;23306;7106;3508;4665;3060;5181;3101
9674;Haßberge, Landkreis;67970;80,8;54510;22904;9830;3280;4408;3224;7010;3854
9675;Kitzingen, Landkreis;69300;79,1;54469;22549;9115;4558;5081;2919;5923;4324
9676;Miltenberg, Landkreis;95773;79,3;75313;30653;13408;5900;7287;4363;8477;5225
9677;Main-Spessart, Landkreis;100410;80,9;80655;34592;15495;6039;6433;4199;8379;5518
9678;Schweinfurt, Landkreis;91819;81,7;74485;32886;11849;5304;6381;4701;8916;4448
9679;Würzburg, Landkreis;127396;83,8;106128;43570;19394;11138;10169;5915;9701;6241
97;Schwaben, Regierungsbezirk;1363912;77;1043014;418780;139238;97235;106614;59864;140885;80398
9761;Augsburg;189687;72,4;136212;42474;21968;17433;13426;12605;18487;9819
9762;Kaufbeuren;31316;71,8;22284;8079;3081;2184;2504;1824;3128;1484
9763;Kempten (Allgäu);48267;72,1;34513;11721;4952;3917;4045;2585;4633;2660
9764;Memmingen;29462;73,4;21413;7584;3418;1903;2357;1326;3273;1552
9771;Aichach-Friedberg, Landkreis;100245;80,8;80554;34830;9386;6722;8355;3534;11510;6217
9772;Augsburg, Landkreis;187683;79,1;147402;59813;19314;12977;15180;7769;20268;12081
9773;Dillingen a.d.Donau, Landkreis;72289;75,6;54279;21835;7284;3659;5439;2487;9021;4554
9774;Günzburg, Landkreis;89816;74,4;66367;27527;8522;4667;6428;3168;10600;5455
9775;Neu-Ulm, Landkreis;123373;76,6;93811;35221;14351;9006;10186;5376;13328;6343
9776;Lindau (Bodensee), Landkreis;59631;78,2;46324;18869;6138;5987;4819;3235;4164;3112
9777;Ostallgäu, Landkreis;105237;79,7;83435;37624;9536;7273;8393;4269;9555;6785
9778;Unterallgäu, Landkreis;107982;78;83634;36001;8964;6079;8657;3698;12827;7408
9779;Donau-Ries, Landkreis;100218;78,6;78278;34937;11689;5540;6754;3678;10359;5321
9780;Oberallgäu, Landkreis;118706;80,1;94508;42265;10635;9888;10071;4310;9732;7607
10;Saarland;777264;76,6;585258;189573;158895;35117;44477;75448;58920;22828
10041;Saarbrücken, Regionalverband;246897;74,2;180456;52434;48290;13409;14364;26073;17979;7907
10041100;Saarbrücken, Landeshauptstadt;128553;72,9;92528;24565;23077;9172;8026;14727;8715;4246
10042;Merzig-Wadern, Landkreis;79847;78,1;61180;21267;16479;3232;4824;7564;5667;2147
10043;Neunkirchen, Landkreis;106805;74,9;78461;23850;23751;3673;5220;10423;8556;2988
10044;Saarlouis, Landkreis;155321;77,2;117718;39616;31464;6371;8864;15222;11846;4335
10045;Saarpfalz-Kreis;115221;78,5;88957;29214;22943;5659;7474;10287;10044;3336
10046;St. Wendel, Landkreis;73173;81,5;58486;23192;15968;2773;3731;5879;4828;2115
11000;Berlin;2503070;75,6;1869042;424321;334253;234947;167046;351170;225170;132135
11001001;Berlin-Mitte;206706;73,2;149443;27861;26788;25708;12972;32118;12289;11707
11002002;Berlin-Friedrichshain-Kreuzberg;172386;77,3;131997;17154;21042;28368;7461;38516;7170;12286
11003003;Berlin-Pankow;288112;79,3;226399;43727;35534;33360;15007;54274;27008;17489
11004004;Berlin-Charlottenburg-Wilmersdorf;220328;78,6;171499;43447;33585;26589;24752;20239;14299;8588
11005005;Berlin-Spandau;162952;72,4;115895;33350;26499;9244;11455;10908;16556;7883
11006006;Berlin-Steglitz-Zehlendorf;221210;81,7;178957;53281;34279;25361;25461;16352;15824;8399
11007007;Berlin-Tempelhof-Schöneberg;235250;77;179081;44721;36179;27956;18569;23625;17108;10923
11008008;Berlin-Neukölln;202618;70,8;141413;31592;27520;18446;10891;25752;15904;11308
11009009;Berlin-Treptow-Köpenick;205106;76,6;155188;31372;24109;12168;10067;39000;26278;12194
11010010;Berlin-Marzahn-Hellersdorf;200704;69,3;136939;28620;19797;5621;7290;35698;29618;10295
11011011;Berlin-Lichtenberg;205300;72,6;147126;27284;21850;9821;7745;43172;24603;12651
11012012;Berlin-Reinickendorf;182398;75,2;135105;41912;27071;12305;15376;11516;18513;8412
12;Brandenburg;2051559;73,7;1490831;397839;261822;74971;105485;255721;301103;93890
12051;Brandenburg an der Havel, kreisfreie Stadt;59272;65,7;38358;10734;7898;1782;2348;6618;6619;2359
12052;Cottbus, kreisfreie Stadt;79990;72,7;57325;13153;8802;2203;4616;10627;13905;4019
12053;Frankfurt (Oder), kreisfreie Stadt;45822;69,2;31272;7262;4944;1491;1918;6748;6851;2058
12054;Potsdam, kreisfreie Stadt;132891;78,8;103772;22421;18947;11347;8466;22012;13245;7334
12060;Barnim, Landkreis;150338;74,3;110354;28004;16891;5521;6827;22696;22721;7694
12061;Dahme-Spreewald, Landkreis;135794;76,3;102168;27273;17721;4758;7281;16595;21872;6668
12062;Elbe-Elster, Landkreis;87876;74,5;64236;19024;9952;1624;4187;9503;15543;4403
12063;Havelland, Landkreis;130447;73,8;94999;27383;18309;5868;7019;13937;17096;5387
12064;Märkisch-Oderland, Landkreis;159563;73,9;116228;29447;18392;5198;7668;23521;24213;7789
12065;Oberhavel, Landkreis;171134;74,9;126527;35406;23552;7110;9192;18912;24467;7888
12066;Oberspreewald-Lausitz, Landkreis;94308;71,9;66702;17178;10683;1798;4595;10878;17245;4325
12067;Oder-Spree, Landkreis;148937;72,7;106726;26626;17758;4405;7323;19454;23626;7534
12068;Ostprignitz-Ruppin, Landkreis;83395;68,1;55967;16663;11405;2214;2977;9383;10345;2980
12069;Potsdam-Mittelmark, Landkreis;171603;77,8;131872;38193;25485;9577;12101;19037;20265;7214
12070;Prignitz, Landkreis;65244;69,5;44683;13568;9759;1331;2605;7333;8197;1890
12071;Spree-Neiße, Landkreis;98686;75;72703;18213;10927;1890;5325;10829;21000;4519
12072;Teltow-Fläming, Landkreis;135020;73,5;97812;26469;18122;4586;7504;15353;19521;6257
12073;Uckermark, Landkreis;101239;69,4;69127;20822;12275;2268;3533;12285;14372;3572
13;Mecklenburg-Vorpommern;1324614;70,9;927510;307263;139689;39514;57895;165368;172409;45372
13003;Kreisfreie Stadt Rostock, Hansestadt;168771;72,2;120622;34313;19805;8434;7662;26688;17701;6019
13004;Kreisfreie Stadt Schwerin, Landeshauptstadt;76665;72,5;55043;16551;10217;2934;3650;10491;8594;2606
13071;Landkreis Mecklenburgische Seenplatte;218185;69,2;149142;51417;20403;4724;8420;28175;29209;6794
13072;Landkreis Rostock;176437;72,8;126993;45732;18843;4960;8315;20448;23068;5627
13073;Landkreis Vorpommern-Rügen;187092;69,5;128365;43496;15681;5154;8356;23156;26257;6265
13074;Landkreis Nordwestmecklenburg;128283;70,4;89363;29256;16864;4039;5523;14603;15167;3911
13075;Landkreis Vorpommern-Greifswald;195069;69,8;134374;43858;15811;5486;8478;21941;30524;8276
13076;Landkreis Ludwigslust-Parchim;174112;71,8;123608;42640;22065;3783;7491;19866;21889;5874
14;Sachsen;3329550;75,4;2479404;665751;261105;113608;203662;398627;669940;166711
145;Chemnitz, Stat. Region;1202645;74,6;885604;257875;94010;27034;68006;140897;242857;54925
14511;Chemnitz, Stadt;195929;75,1;145871;36270;17373;6818;12184;28010;35456;9760
14521;Erzgebirgskreis;288076;75,6;214490;66401;20503;4956;15648;30765;61991;14226
14522;Mittelsachsen, Landkreis;256511;75;190229;53740;19036;5244;14991;27731;57748;11739
14523;Vogtlandkreis;193081;73,9;140861;42604;16043;4266;10154;22578;37217;7999
14524;Zwickau, Landkreis;269048;73,2;194153;58860;21055;5750;15029;31813;50445;11201
146;Dresden, Stat. Region;1299001;76,7;984132;249878;91038;48942;85177;146994;291894;70209
14612;Dresden, Stadt;429448;79,1;336654;79111;34421;29337;33402;59222;75819;25342
14625;Bautzen, Landkreis;252642;75,7;188470;50780;17180;4955;15014;26419;61160;12962
14626;Görlitz, Landkreis;213021;73,3;153720;41000;14249;4476;10810;21534;50551;11100
14627;Meißen, Landkreis;201310;76;150913;39406;13148;5531;13156;20111;49615;9946
14628;Sächsische Schweiz-Osterzgebirge, Landkreis;202580;77,2;154375;39581;12040;4643;12795;19708;54749;10859
147;Leipzig, Stat. Region;827904;74,4;609668;157998;76057;37632;50479;110736;135189;41577
14713;Leipzig, Stadt;448372;75,1;333714;75733;43399;29454;28431;70195;61065;25437
14729;Leipzig, Landkreis;215616;74,8;159391;47944;18139;5157;12859;23368;42823;9101
14730;Nordsachsen, Landkreis;163916;72,1;116563;34321;14519;3021;9189;17173;31301;7039
15;Sachsen-Anhalt;1854891;68,1;1244980;377411;188980;46243;96555;220858;244401;70532
15001;Dessau-Roßlau, kreisfreie Stadt;68441;69,7;47078;13820;6755;2225;3830;8543;9442;2463
15002;Halle (Saale), kreisfreie Stadt;186409;70,7;129904;33357;18727;9835;11432;25795;22229;8529
15003;Magdeburg, kreisfreie Stadt;190332;69,4;130498;34764;22094;7770;10622;25033;20512;9703
15081;Altmarkkreis Salzwedel;70625;67,7;47277;16071;8226;1635;3162;8776;7352;2055
15082;Anhalt-Bitterfeld, Landkreis;137721;67,1;90974;28102;12399;2197;6674;15944;20374;5284
15083;Börde, Landkreis;144052;67,9;96143;31231;15764;2689;7274;15614;18048;5523
15084;Burgenlandkreis;151811;68;101610;30633;13429;2654;7954;16651;24726;5563
15085;Harz, Landkreis;185546;66,8;122262;41602;19912;4395;8580;21426;20127;6220
15086;Jerichower Land, Landkreis;76734;68,7;51945;16335;8289;1547;4139;8941;9857;2837
15087;Mansfeld-Südharz, Landkreis;118664;66,7;77929;22322;11773;1616;5694;14034;18620;3870
15088;Saalekreis;156523;70;107995;31950;14200;2968;9821;17363;25915;5778
15089;Salzlandkreis;164469;64,4;104113;32342;16312;2625;7587;18609;21247;5391
15090;Stendal, Landkreis;95000;66,7;62586;19951;10495;2013;4676;11570;11067;2814
15091;Wittenberg, Landkreis;108564;69,8;74666;24931;10605;2074;5110;12559;14885;4502
16;Thüringen;1767014;74,3;1294448;372258;171032;53340;101129;218212;294069;84408
16051;Erfurt, kreisfreie Stadt;166560;75,6;124352;31301;17867;8762;10667;24389;23041;8325
16052;Gera, kreisfreie Stadt;78746;72,2;56144;12691;5916;1659;4683;11625;16011;3559
16053;Jena, kreisfreie Stadt;83027;78,9;65054;14976;8770;6639;6158;14800;9349;4362
16054;Suhl, kreisfreie Stadt;29677;71,7;21007;5409;2781;787;1592;4903;4171;1364
16055;Weimar, kreisfreie Stadt;50104;75,8;37520;9639;5166;3719;3202;7236;6024;2534
16056;Eisenach, kreisfreie Stadt;33655;73,1;24248;6128;3635;1153;1843;4392;4615;2482
16061;Eichsfeld, Kreis;82004;76,8;62267;27342;7046;2031;5269;5700;11322;3557
16062;Nordhausen, Kreis;70495;70;48473;13591;8022;1682;3446;8489;10239;3004
16063;Wartburgkreis;103299;74,8;76208;23698;10865;2486;5002;11747;17178;5232
16064;Unstrut-Hainich-Kreis;85604;71,7;60430;18514;8706;1957;4700;9032;14031;3490
16065;Kyffhäuserkreis;64174;71,7;45189;11734;6584;1065;3259;8424;11293;2830
16066;Schmalkalden-Meiningen, Kreis;103660;73,2;74858;23942;10517;2697;5064;11910;16188;4540
16067;Gotha, Kreis;109619;73,5;79376;22766;11490;2666;6059;12321;18435;5639
16068;Sömmerda, Kreis;58257;73,2;41978;12495;5013;1221;3242;6832;10178;2997
16069;Hildburghausen, Kreis;53456;73,6;38896;11701;5097;1130;2442;6273;9809;2444
16070;Ilm-Kreis;88722;76,1;66502;17810;8901;2745;5159;10599;16656;4632
16071;Weimarer Land, Kreis;67184;76,4;50610;15849;5869;1822;4301;7294;12000;3475
16072;Sonneberg, Kreis;47653;70,8;33337;9904;4431;945;2200;5381;8525;1951
16073;Saalfeld-Rudolstadt, Kreis;92002;73,4;66745;17611;8125;2066;5070;10912;18010;4951
16074;Saale-Holzland-Kreis;68855;76,9;52285;15688;6092;1704;4473;8822;12278;3228
16075;Saale-Orla-Kreis;68269;75,2;50721;14470;6210;1354;3666;8354;13452;3215
16076;Greiz, Kreis;84711;76;63402;19139;7171;1775;5468;9945;16203;3701
16077;Altenburger Land, Kreis;77281;72,1;54846;15860;6758;1275;4164;8832;15061;2896