Date;Statistical Id;Name;Registered Voters;Participation;Total Votes;CDU_CSU;SPD;Greens;FDP;Left;AFD;Others
27.10.2019;16051;    Erfurt, kreisfreie Stadt;164063;67,9;110260;18547;10417;10728;6466;37640;19642;6820
27.10.2019;16052;    Gera, kreisfreie Stadt;76105;62,2;46845;7203;3802;1768;2092;15863;13465;2652
27.10.2019;16053;    Jena, kreisfreie Stadt;81102;70,9;57168;7740;5173;8174;4393;21557;7258;2873
27.10.2019;16054;    Suhl, kreisfreie Stadt;30475;61,9;18673;3917;1384;867;685;7402;3572;846
27.10.2019;16055;    Weimar, kreisfreie Stadt;49332;67,7;33036;5753;3096;4183;1747;11619;4875;1763
27.10.2019;16056;    Eisenach, kreisfreie Stadt;32823;61,6;19980;3788;1666;1119;981;6664;4157;1605
27.10.2019;16061;    Eichsfeld, Kreis;80872;66,6;53198;20215;3324;2395;2586;10844;11166;2668
27.10.2019;16062;    Nordhausen, Kreis;68751;60,2;40916;8532;3347;1819;1638;14342;9022;2216
27.10.2019;16063;    Wartburgkreis;98441;64,5;62706;15893;4916;2261;2692;18322;15241;3381
27.10.2019;16064;    Unstrut-Hainich-Kreis;84047;61,4;50851;12063;4618;2056;2596;14566;12476;2476
27.10.2019;16065;    Kyffhäuserkreis;62652;60,6;37395;7633;3390;975;1500;12279;9511;2107
27.10.2019;16066;    Schmalkalden-Meiningen, Kreis;103853;63,1;64818;15002;6489;2704;2682;19631;15024;3286
27.10.2019;16067;    Gotha, Kreis;107414;63,4;67217;13201;8301;2657;2989;20463;16011;3595
27.10.2019;16068;    Sömmerda, Kreis;57215;63,9;36079;7803;2474;1170;1938;10877;9662;2155
27.10.2019;16069;    Hildburghausen, Kreis;52116;64,5;33248;7933;2470;1125;1361;9941;8669;1749
27.10.2019;16070;    Ilm-Kreis;85180;66,8;56204;11042;4311;2688;2768;17651;14749;2995
27.10.2019;16071;    Weimarer Land, Kreis;66409;68,8;45065;12246;2927;1963;2646;12077;10827;2379
27.10.2019;16072;    Sonneberg, Kreis;47987;60,4;28662;7504;1760;903;758;8635;7591;1511
27.10.2019;16073;    Saalfeld-Rudolstadt, Kreis;87835;65,8;57102;12248;4043;1791;2960;16853;16092;3115
27.10.2019;16074;    Saale-Holzland-Kreis;68017;69,5;46602;10817;3121;1905;2993;14215;10956;2595
27.10.2019;16075;    Saale-Orla-Kreis;66705;67,3;44439;9654;2764;1175;2220;14058;12328;2240
27.10.2019;16076;    Greiz, Kreis;82439;66,5;54078;12717;4084;1661;2916;15317;14465;2918
27.10.2019;16077;    Altenburger Land, Kreis;75409;59,0;43846;9598;3110;1387;1886;12964;12623;2278
13.03.2016;7;Rheinland-Pfalz;3071972;70,4;2130621;677507;771848;113261;132294;59970;268628;107113
13.03.2016;71;  Koblenz, Stat. Region;1154516;69,0;785790;278034;277325;36361;49677;20946;89191;34256
13.03.2016;7111;    Koblenz, kreisfreie Stadt;84900;67,5;56701;18353;19881;4186;3941;2246;5336;2758
13.03.2016;7131;    Ahrweiler, Landkreis;100264;68,3;67657;27675;19752;4032;4689;1628;6911;2970
13.03.2016;7132;    Altenkirchen (Westerwald), Landkreis;100688;66,1;65636;23267;22113;2806;3980;1809;8910;2751
13.03.2016;7133;    Bad Kreuznach, Landkreis;120403;71,8;85326;28230;33152;3689;5092;2158;9704;3301
13.03.2016;7134;    Birkenfeld, Landkreis;65000;66,5;42521;13355;16673;1514;2604;1246;5430;1699
13.03.2016;7135;    Cochem-Zell, Landkreis;49138;71,1;34440;14996;10806;1208;2429;735;3255;1011
13.03.2016;7137;    Mayen-Koblenz, Landkreis;166249;68,8;112945;41843;39574;5088;6839;2808;12046;4747
13.03.2016;7138;    Neuwied, Landkreis;137667;66,7;90598;31303;32038;4362;5411;2482;11041;3961
13.03.2016;7140;    Rhein-Hunsrück-Kreis;80849;72,0;57403;20500;21237;2031;4065;1460;5955;2155
13.03.2016;7141;    Rhein-Lahn-Kreis;95786;69,9;66045;19611;26522;2864;3753;1627;7574;4094
13.03.2016;7143;    Westerwaldkreis;153572;70,3;106518;38901;35577;4581;6874;2747;13029;4809
13.03.2016;72;  Trier, Stat. Region;400388;70,3;277064;96860;100837;15503;16756;8382;26294;12432
13.03.2016;7211;    Trier, kreisfreie Stadt;80721;65,5;52222;14074;20075;5305;2926;2682;4977;2183
13.03.2016;7231;    Bernkastel-Wittlich, Landkreis;86902;71,0;60794;23010;20210;2532;4403;1601;6131;2907
13.03.2016;7232;    Eifelkreis Bitburg-Prüm;72631;70,1;50139;18448;18098;2568;3126;1075;4523;2301
13.03.2016;7233;    Vulkaneifel, Landkreis;48220;69,2;32770;13778;10171;1414;2206;899;3105;1197
13.03.2016;7235;    Trier-Saarburg, Landkreis;111914;73,6;81139;27550;32283;3684;4095;2125;7558;3844
13.03.2016;73;  Rheinhessen-Pfalz, Stat. Region;1517068;71,4;1067767;302613;393686;61397;65861;30642;153143;60425
13.03.2016;7311;    Frankenthal (Pfalz), kreisfreie Stadt;33854;66,1;22037;6851;6987;946;1248;712;4081;1212
13.03.2016;7312;    Kaiserslautern, kreisfreie Stadt;72695;61,6;44113;10149;16750;2814;2753;2109;6601;2937
13.03.2016;7313;    Landau in der Pfalz, kreisfreie Stadt;35327;68,5;23888;6014;9134;2316;1768;786;2686;1184
13.03.2016;7314;    Ludwigshafen am Rhein, kreisfreie Stadt;103001;63,3;64137;14419;23202;3533;3769;2181;12738;4295
13.03.2016;7315;    Mainz, kreisfreie Stadt;145368;73,5;105706;29135;41902;10810;6692;4290;8650;4227
13.03.2016;7316;    Neustadt an der Weinstraße, kreisfreie Stadt;41003;72,4;29319;8274;10195;1842;1987;675;4023;2323
13.03.2016;7317;    Pirmasens, kreisfreie Stadt;31693;59,6;18458;5890;6025;483;1098;784;2990;1188
13.03.2016;7318;    Speyer, kreisfreie Stadt;36397;68,8;24682;6198;8718;2027;1501;939;3780;1519
13.03.2016;7319;    Worms, kreisfreie Stadt;58897;64,8;37382;9765;13783;2156;2164;1121;6604;1789
13.03.2016;7320;    Zweibrücken, kreisfreie Stadt;26541;61,7;16065;4333;5470;777;1008;818;2565;1094
13.03.2016;7331;    Alzey-Worms, Landkreis;97013;73,8;70562;20371;27061;3382;4158;1708;10422;3460
13.03.2016;7332;    Bad Dürkheim, Landkreis;104304;74,5;76695;21765;28715;3820;5223;1499;10863;4810
13.03.2016;7333;    Donnersbergkreis;58225;70,3;40301;10314;15773;1874;2277;1189;6244;2630
13.03.2016;7334;    Germersheim, Landkreis;93721;72,3;66716;19090;22596;3107;4266;1555;12100;4002
13.03.2016;7335;    Kaiserslautern, Landkreis;81255;72,2;57545;16718;21590;2390;2789;1792;8494;3772
13.03.2016;7336;    Kusel, Landkreis;57530;71,1;40243;9127;17227;1701;1770;1358;6154;2906
13.03.2016;7337;    Südliche Weinstraße, Landkreis;87190;75,5;64807;19331;23750;3609;4712;1309;8770;3326
13.03.2016;7338;    Rhein-Pfalz-Kreis;116359;76,3;87569;26227;29349;4767;5599;1829;14305;5493
13.03.2016;7339;    Mainz-Bingen, Landkreis;157198;76,8;119364;37589;46610;7253;7790;2609;12788;4725
13.03.2016;7340;    Südwestpfalz, Landkreis;79497;74,7;58178;21053;18849;1790;3289;1379;8285;3533
13.03.2016;8;Baden-Württemberg, Land;7683464;70,4;5361250;1447462;679727;1623107;445498;156240;809564;199652
13.03.2016;81;  Stuttgart, Regierungsbezirk;2800541;71,9;1995861;525399;267966;590131;177578;56208;305676;72903
13.03.2016;8111;    Stuttgart, Landeshauptstadt, Stadtkreis;373434;72,8;270268;59978;32046;98383;25529;14241;29912;10179
13.03.2016;8115;    Böblingen, Landkreis;258728;73,1;187744;51692;23514;55959;17244;4330;29396;5609
13.03.2016;8116;    Esslingen, Landkreis;363343;74,3;267830;69355;36370;87268;21698;6050;36592;10497
13.03.2016;8117;    Göppingen, Landkreis;178128;70,5;124169;32021;18702;35181;9853;2429;20838;5145
13.03.2016;8118;    Ludwigsburg, Landkreis;363069;73,9;266171;67324;33300;87466;24088;6503;39173;8317
13.03.2016;8119;    Rems-Murr-Kreis, Landkreis;295318;73,5;215290;57158;30152;55637;23152;5039;35483;8669
13.03.2016;8121;    Heilbronn, , Universitätsstadt, Stadtkreis;77576;63,4;48572;10586;7497;12913;4842;1642;9230;1862
13.03.2016;8125;    Heilbronn, Landkreis;239673;71,6;169713;44218;26110;42957;15338;3770;31022;6298
13.03.2016;8126;    Hohenlohekreis, Landkreis;82218;69,7;56634;15915;6537;15448;5402;1394;9803;2135
13.03.2016;8127;    Schwäbisch Hall, Landkreis;142493;67,9;95638;22571;13079;26150;10858;2250;16805;3925
13.03.2016;8128;    Main-Tauber-Kreis, Landkreis;102362;70,3;71200;25178;8154;15196;5368;1962;12215;3127
13.03.2016;8135;    Heidenheim, Landkreis;94314;66,1;61767;15501;12006;16098;3534;1817;10631;2180
13.03.2016;8136;    Ostalbkreis, Landkreis;229885;70,8;160865;53902;20499;41475;10672;4781;24576;4960
13.03.2016;82;  Karlsruhe, Regierungsbezirk;1950971;69,6;1344609;348271;184564;377566;111143;42050;230983;50032
13.03.2016;8211;    Baden-Baden, Stadtkreis;38640;67,7;25959;6665;2970;8530;2761;671;3777;585
13.03.2016;8212;    Karlsruhe, Stadtkreis;205579;69,4;141468;29804;18825;50479;10243;6805;18309;7003
13.03.2016;8215;    Karlsruhe, Landkreis;321887;72,3;230069;65871;28863;62015;19154;5478;40386;8302
13.03.2016;8216;    Rastatt, Landkreis;166971;67,9;112106;30954;16595;31840;7253;2599;18537;4328
13.03.2016;8221;    Heidelberg, Stadtkreis;98081;70,4;68530;13166;8310;28076;5514;4189;7491;1784
13.03.2016;8222;    Mannheim, Stadtkreis;196670;62,5;121725;23443;23340;33151;8935;5835;22108;4913
13.03.2016;8225;    Neckar-Odenwald-Kreis, Landkreis;108962;68,5;73725;25198;11225;14530;5151;1723;13258;2640
13.03.2016;8226;    Rhein-Neckar-Kreis, Landkreis;397535;71,6;281506;74486;40817;78183;21857;8038;49562;8563
13.03.2016;8231;    Pforzheim, Stadtkreis;77102;62,0;47249;10381;5307;10942;5027;1773;11895;1924
13.03.2016;8235;    Calw, Landkreis;110797;71,1;78066;24565;9023;18961;6344;1715;14901;2557
13.03.2016;8236;    Enzkreis, Landkreis;142298;74,4;104747;25733;12852;28211;10898;2105;20281;4667
13.03.2016;8237;    Freudenstadt, Landkreis;86449;69,4;59459;18005;6437;12648;8006;1119;10478;2766
13.03.2016;83;  Freiburg, Regierungsbezirk;1612770;68,6;1095969;299631;132025;361087;83151;33288;142460;44327
13.03.2016;8311;    Freiburg im Breisgau, Stadtkreis;154424;71,3;109369;18012;14616;47212;6728;9159;9544;4098
13.03.2016;8315;    Breisgau-Hochschwarzwald, Landkreis;190880;72,4;136934;38607;16609;47848;10286;3680;15266;4638
13.03.2016;8316;    Emmendingen, Landkreis;122345;71,3;86446;21177;11584;30691;6492;2311;10025;4166
13.03.2016;8317;    Ortenaukreis, Landkreis;314482;66,9;207990;60457;24806;64475;15371;4830;30575;7476
13.03.2016;8325;    Rottweil, Landkreis;102909;69,7;70953;23421;6114;18475;6023;1322;11634;3964
13.03.2016;8326;    Schwarzwald-Baar-Kreis, Landkreis;149608;68,1;100837;29394;9826;30844;8759;1991;15479;4544
13.03.2016;8327;    Tuttlingen, Landkreis;95605;68,7;65079;22737;5820;17675;4701;1426;9997;2723
13.03.2016;8335;    Konstanz, Landkreis;202462;68,7;137910;34633;17254;47392;11976;4188;17227;5240
13.03.2016;8336;    Lörrach, Landkreis;161695;64,9;103708;26315;16795;33212;6785;2706;13599;4296
13.03.2016;8337;    Waldshut, Landkreis;118360;65,5;76743;24878;8601;23263;6030;1675;9114;3182
13.03.2016;84;  Tübingen, Regierungsbezirk;1319182;70,7;924811;274161;95172;294323;73626;24694;130445;32390
13.03.2016;8415;    Reutlingen, Landkreis;199182;71,8;141411;37169;18103;41117;14488;3898;22022;4614
13.03.2016;8416;    Tübingen, Landkreis;158339;75,1;118157;28251;15240;43827;7847;5894;12596;4502
13.03.2016;8417;    Zollernalbkreis, Landkreis;138494;67,8;92977;26890;9325;26917;7746;2221;16995;2883
13.03.2016;8421;    Ulm, Stadtkreis;82060;65,5;53360;12048;8512;18434;3880;1781;6621;2084
13.03.2016;8425;    Alb-Donau-Kreis, Landkreis;138642;71,4;98005;33954;9740;27678;6663;1660;15126;3184
13.03.2016;8426;    Biberach, Landkreis;143972;70,9;101098;36454;7434;29133;7115;1894;15373;3695
13.03.2016;8435;    Bodenseekreis, Landkreis;155883;71,7;110952;31148;10823;39188;10040;2909;13905;2939
13.03.2016;8436;    Ravensburg, Landkreis;206272;69,6;142510;46848;11511;45678;10849;3212;18071;6341
13.03.2016;8437;    Sigmaringen, Landkreis;96338;69,6;66341;21399;4484;22351;4998;1225;9736;2148
07.05.2017;1;Schleswig-Holstein;2318022;64,2;1474508;471460;401806;190181;169037;56018;86711;99295
07.05.2017;1001;    Flensburg, kreisfreie Stadt;71553;58,6;41497;9384;10583;5921;3704;2889;2229;6787
07.05.2017;1002;    Kiel, Landeshauptstadt, kreisfreie Stadt;190366;63,4;119525;28308;33220;21923;12406;8579;6284;8805
07.05.2017;1003;    Lübeck, Hansestadt, kreisfreie Stadt;170898;56,5;95488;25537;29321;13944;9397;5433;6446;5410
07.05.2017;1004;    Neumünster, kreisfreie Stadt;62021;56,1;34391;10032;9893;4498;4014;1228;2638;2088
07.05.2017;1051;    Dithmarschen, Landkreis;109878;62,0;67457;24408;18145;5729;8940;2125;4137;3973
07.05.2017;1053;    Herzogtum Lauenburg, Landkreis;155525;62,9;96964;31657;27523;11036;11403;3411;7364;4570
07.05.2017;1054;    Nordfriesland, Landkreis;134604;66,0;87814;30767;21519;10428;9623;2352;3393;9732
07.05.2017;1055;    Ostholstein, Landkreis;169403;64,2;107650;36900;30679;12066;13450;3119;6533;4903
07.05.2017;1056;    Pinneberg, Landkreis;243737;63,5;153553;48391;45726;18574;18446;5361;9507;7548
07.05.2017;1057;    Plön, Landkreis;106928;71,7;75886;25808;19775;11564;8400;2354;4210;3775
07.05.2017;1058;    Rendsburg-Eckernförde, Landkreis;223779;70,5;156441;55263;38230;21469;17622;4875;8041;10941
07.05.2017;1059;    Schleswig-Flensburg, Landkreis;162512;67,8;109204;36302;26126;14157;10731;3238;4812;13838
07.05.2017;1060;    Segeberg, Landkreis;216440;62,7;134422;44386;37679;14906;16456;4553;8927;7515
07.05.2017;1061;    Steinburg, Landkreis;107792;64,0;68337;23971;17863;8303;8027;2287;3980;3906
07.05.2017;1062;    Stormarn, Landkreis;192586;65,9;125879;40346;35524;15663;16418;4214;8210;5504
01.09.2019;145;  Chemnitz, Stat. Region;1177815;65,3;760170;267987;57468;40130;29706;77164;218469;69246
01.09.2019;14511;    Chemnitz, Stadt;192346;66,4;126655;41360;10823;11053;4826;16384;31662;10547
01.09.2019;14521;    Erzgebirgskreis;282131;66,8;186036;66740;12666;6571;6878;17025;57969;18187
01.09.2019;14522;    Mittelsachsen, Landkreis;251303;66,9;166264;57541;12300;7694;6571;15009;51306;15843
01.09.2019;14523;    Vogtlandkreis;189051;62,3;116562;42546;9489;6211;4403;11904;32116;9893
01.09.2019;14524;    Zwickau, Landkreis;262984;63,3;164653;59800;12190;8601;7028;16842;45416;14776
01.09.2019;146;  Dresden, Stat. Region;1284372;69,2;880537;272747;60574;80983;47067;79798;259818;79550
01.09.2019;14612;    Dresden, Stadt;426474;72,2;305840;82018;25960;51587;19855;34715;63376;28329
01.09.2019;14625;    Bautzen, Landkreis;248717;67,6;166230;56206;10065;6836;9108;13428;56396;14191
01.09.2019;14626;    Görlitz, Landkreis;208684;66,9;137947;49815;6893;6825;4399;10393;49456;10166
01.09.2019;14627;    Meißen, Landkreis;199068;67,6;133001;41354;9454;8262;6924;10690;43935;12382
01.09.2019;14628;    Sächsische Schweiz-Osterzgebirge, Landkreis;201429;69,0;137519;43354;8202;7473;6781;10572;46655;14482
01.09.2019;147;  Leipzig, Stat. Region;826456;64,2;525750;154826;49247;65902;20665;67392;117384;50334
01.09.2019;14713;    Leipzig, Stadt;450778;65,1;291052;73990;28730;52901;11447;46203;50450;27331
01.09.2019;14729;    Leipzig, Landkreis;213525;64,9;137038;47636;12493;8141;5281;12158;37593;13736
01.09.2019;14730;    Nordsachsen, Landkreis;162153;61,0;97660;33200;8024;4860;3937;9031;29341;9267
13.03.2016;15001;    Dessau-Roßlau, kreisfreie Stadt;69635;63,3;43256;12412;4412;2978;2613;7570;9620;3651
13.03.2016;15002;    Halle (Saale), kreisfreie Stadt;188192;63,7;117714;28922;13604;12558;7444;22331;22987;9868
13.03.2016;15003;    Magdeburg, kreisfreie Stadt;192105;62,7;118511;35071;14144;9591;5684;20598;21278;12145
13.03.2016;15081;    Altmarkkreis Salzwedel;71528;59,3;41515;13216;5426;2297;1722;6895;9079;2880
13.03.2016;15082;    Anhalt-Bitterfeld, Landkreis;140206;60,5;82940;24034;7877;2901;3529;13022;22742;8835
13.03.2016;15083;    Börde, Landkreis;144999;61,3;86787;28643;9713;3354;3929;12739;20748;7661
13.03.2016;15084;    Burgenlandkreis;154005;60,6;91069;25791;9253;3259;4001;13857;26811;8097
13.03.2016;15085;    Harz, Landkreis;187458;59,4;108843;35552;12265;5387;4394;16822;26050;8373
13.03.2016;15086;    Jerichower Land, Landkreis;77666;62,4;47410;14694;4996;1925;2261;7679;10560;5295
13.03.2016;15087;    Mansfeld-Südharz, Landkreis;120753;59,7;70471;18870;6773;2182;2896;12560;20264;6926
13.03.2016;15088;    Saalekreis;157863;62,6;96784;28014;9061;3846;5613;14994;27110;8146
13.03.2016;15089;    Salzlandkreis;167136;57,5;93726;28076;9321;3312;5269;15020;24893;7835
13.03.2016;15090;    Stendal, Landkreis;96259;59,2;55614;17930;6220;2155;2392;9299;13866;3752
13.03.2016;15091;    Wittenberg, Landkreis;109844;63,4;68237;22914;6303;2464;2818;9904;16488;7346
26.03.2017;10041;    Saarbrücken, Regionalverband;245597;67,1;162874;59522;46751;8455;6582;25351;10327;5886
26.03.2017;10041100;    Saarbrücken, Landeshauptstadt;127531;64,9;81837;27200;22919;5975;3751;13953;5019;3020
26.03.2017;10042;    Merzig-Wadern, Landkreis;79514;71,6;56290;23829;18361;1782;1674;5987;3012;1645
26.03.2017;10043;    Neunkirchen, Landkreis;106784;67,0;70663;27219;23181;2124;1879;8952;4710;2598
26.03.2017;10044;    Saarlouis, Landkreis;155104;70,4;107886;45003;31446;4073;3443;14157;6392;3372
26.03.2017;10045;    Saarpfalz-Kreis;114901;71,5;81210;33408;23141;3643;2756;9216;5951;3095
26.03.2017;10046;    St. Wendel, Landkreis;73051;76,0;54860;28282;15177;1315;1085;4903;2579;1519
14.05.2017;5;Nordrhein-Westfalen;13164887;65,2;8487413;2796683;2649205;539062;1065307;415936;626756;394464
14.05.2017;51;  Düsseldorf, Regierungsbezirk;3736296;64,7;2389631;757484;739110;140424;326882;119060;190554;116117
14.05.2017;5111;    Düsseldorf, kreisfreie Stadt;412309;67,7;276764;85445;73587;22458;48246;17041;17519;12468
14.05.2017;5112;    Duisburg, kreisfreie Stadt;328549;58,4;189133;44140;71249;9344;17824;11356;21927;13293
14.05.2017;5113;    Essen, kreisfreie Stadt;419870;63,8;265302;73484;88498;16513;31588;14899;26051;14269
14.05.2017;5114;    Krefeld, kreisfreie Stadt;163365;60,4;97444;30760;30293;5993;14406;4879;6405;4708
14.05.2017;5116;    Mönchengladbach, kreisfreie Stadt;190503;59,4;111868;40002;30857;6020;15186;5719;8492;5592
14.05.2017;5117;    Mülheim an der Ruhr, kreisfreie Stadt;124241;69,2;84939;23164;29768;5256;11591;4143;7323;3694
14.05.2017;5119;    Oberhausen, kreisfreie Stadt;152582;62,4;93963;24813;36270;3918;8065;5298;10307;5292
14.05.2017;5120;    Remscheid, kreisfreie Stadt;77296;61,4;46836;14796;14715;2478;5949;2385;4019;2494
14.05.2017;5122;    Solingen, kreisfreie Stadt;112676;62,5;69641;21580;20781;4392;9696;3942;5602;3648
14.05.2017;5124;    Wuppertal, kreisfreie Stadt;241397;62,0;147842;39578;47621;11444;18799;10179;12586;7635
14.05.2017;5154;    Kleve, Kreis;226567;64,9;145719;61145;40274;7230;18926;4797;8241;5106
14.05.2017;5158;    Mettmann, Kreis;368121;68,3;249115;85153;70673;14243;38639;10238;19176;10993
14.05.2017;5162;    Rhein-Kreis Neuss;333571;67,6;223448;82724;59069;11616;37139;7580;15324;9996
14.05.2017;5166;    Viersen, Kreis;227599;66,1;148971;56718;40821;7918;23218;5492;8816;5988
14.05.2017;5170;    Wesel, Kreis;357650;67,5;238646;73982;84634;11601;27610;11112;18766;10941
14.05.2017;53;  Köln, Regierungsbezirk;3236887;66,7;2135991;708436;608672;166201;296960;113892;143207;98623
14.05.2017;5314;    Bonn, kreisfreie Stadt;226008;68,4;153317;47484;38911;16811;24612;10104;8578;6817
14.05.2017;5315;    Köln, kreisfreie Stadt;729833;64,9;470246;124847;132174;55534;64916;39510;28069;25196
14.05.2017;5316;    Leverkusen, kreisfreie Stadt;116380;63,7;73262;23062;22675;4481;9389;3433;6109;4113
14.05.2017;5334;    Städteregion Aachen (einschl. Stadt Aachen);404228;67,6;270212;81817;88944;20825;35229;14763;15955;12679
14.05.2017;5334002;    Aachen, krfr. Stadt;176721;69,3;121397;34049;34421;13792;18124;9031;5656;6324
14.05.2017;5354;    Aachen, Kreis;-;-;-;-;-;-;-;-;-;-
14.05.2017;5358;    Düren, Kreis;199565;65,3;128591;46180;41101;6334;14595;4920;9852;5609
14.05.2017;5362;    Rhein-Erft-Kreis;344567;67,2;229008;78379;70749;12702;30531;8994;17875;9778
14.05.2017;5366;    Euskirchen, Kreis;149814;64,1;94834;37002;25362;4800;13209;3369;7444;3648
14.05.2017;5370;    Heinsberg, Kreis;189867;64,6;120753;49293;33985;5864;13645;4367;8038;5561
14.05.2017;5374;    Oberbergischer Kreis;208014;64,4;132226;50897;36433;6886;16989;5287;9996;5738
14.05.2017;5378;    Rheinisch-Bergischer Kreis;216868;71,4;153813;54945;39333;11413;25976;6153;9829;6164
14.05.2017;5382;    Rhein-Sieg-Kreis;451743;69,4;309729;114530;79005;20551;47869;12992;21462;13320
14.05.2017;55;  Münster, Regierungsbezirk;1968822;66,5;1296224;468552;412776;76200;144127;53282;88791;52496
14.05.2017;5512;    Bottrop, kreisfreie Stadt;88445;66,8;58346;16031;22215;2291;5545;2517;6422;3325
14.05.2017;5513;    Gelsenkirchen, kreisfreie Stadt;176670;58,0;101035;23262;38278;3910;9259;5057;14739;6530
14.05.2017;5515;    Münster, kreisfreie Stadt;231754;72,2;166251;52643;46364;20723;22489;11433;6181;6418
14.05.2017;5554;    Borken, Kreis;277372;68,6;188470;89546;49714;8561;21797;4713;8648;5491
14.05.2017;5558;    Coesfeld, Kreis;172843;71,6;122635;53097;33449;7504;15786;3676;5492;3631
14.05.2017;5562;    Recklinghausen, Kreis;473080;63,5;297285;87905;109083;12451;29605;13508;29638;15095
14.05.2017;5566;    Steinfurt, Kreis;339186;65,9;221446;89150;71424;12878;23102;7704;9973;7215
14.05.2017;5570;    Warendorf, Kreis;209472;68,0;140756;56918;42249;7882;16544;4674;7698;4791
14.05.2017;57;  Detmold, Regierungsbezirk;1544303;63,5;970399;334736;307390;64159;108457;46121;67022;42514
14.05.2017;5711;    Bielefeld, kreisfreie Stadt;237287;65,2;153144;40883;49383;15066;16949;12823;10337;7703
14.05.2017;5754;    Gütersloh, Kreis;262562;64,8;168295;63813;50697;11489;19629;6199;10062;6406
14.05.2017;5758;    Herford, Kreis;191837;61,2;115982;36032;42192;7102;11877;5017;8964;4798
14.05.2017;5762;    Höxter, Kreis;112910;65,7;73295;33293;19368;3190;8025;2357;4651;2411
14.05.2017;5766;    Lippe, Kreis;269184;63,6;169233;50050;59852;10189;19491;7115;12470;10066
14.05.2017;5770;    Minden-Lübbecke, Kreis;241610;60,7;145080;47386;52308;8273;15211;5895;10544;5463
14.05.2017;5774;    Paderborn, Kreis;228913;64,2;145370;63279;33590;8850;17275;6715;9994;5667
14.05.2017;59;  Arnsberg, Regierungsbezirk;2678579;64,0;1695168;527475;581257;92078;188881;83581;137182;84714
14.05.2017;5911;    Bochum, kreisfreie Stadt;274050;65,4;177375;44818;62641;12804;18282;13225;15407;10198
14.05.2017;5913;    Dortmund, kreisfreie Stadt;415351;62,0;255142;62054;94036;18640;26253;17130;21175;15854
14.05.2017;5914;    Hagen, kreisfreie Stadt;133010;60,2;79204;23116;27340;3525;8925;3654;8236;4408
14.05.2017;5915;    Hamm, kreisfreie Stadt;126970;63,0;79187;23545;31276;3342;7198;3429;6713;3684
14.05.2017;5916;    Herne, kreisfreie Stadt;112340;59,2;65618;15527;25742;3103;6054;3510;7423;4259
14.05.2017;5954;    Ennepe-Ruhr-Kreis;253394;66,7;167160;45896;60094;10575;20738;8435;12801;8621
14.05.2017;5958;    Hochsauerlandkreis;203390;66,4;133526;60360;35023;4893;16177;4004;7891;5178
14.05.2017;5962;    Märkischer Kreis;304934;61,3;185106;64034;59348;7550;22256;7353;16181;8384
14.05.2017;5966;    Olpe, Kreis;102799;66,5;67663;33438;16133;2201;8434;1630;3577;2250
14.05.2017;5970;    Siegen-Wittgenstein, Kreis;212986;65,0;136908;46726;44857;6931;15079;6128;11268;5919
14.05.2017;5974;    Soest, Kreis;232327;65,3;150162;53925;47501;7684;18971;6279;10414;5388
14.05.2017;5978;    Unna, Kreis;307028;65,2;198117;54036;77266;10830;20514;8804;16096;10571
15.10.2017;3;Niedersachsen;6098379;63,1;3827850;1287191;1413846;334131;287957;177118;235853;91754
15.10.2017;31;  Braunschweig, Stat. Region;1232401;62,3;763408;225806;310020;63585;53336;37198;53396;20067
15.10.2017;3101;    Braunschweig, kreisfreie Stadt;190754;63,7;120937;31858;45478;14346;9559;8153;7303;4240
15.10.2017;3102;    Salzgitter, kreisfreie Stadt;73602;56,9;41561;10160;18787;1773;2211;2021;5665;944
15.10.2017;3103;    Wolfsburg, kreisfreie Stadt;89468;58,2;51820;15516;22392;2982;3157;2345;4177;1251
15.10.2017;3151;    Gifhorn, Landkreis;135353;63,2;85080;28852;33159;6153;5624;3131;6200;1961
15.10.2017;3152;    Göttingen, Landkreis;-;-;-;-;-;-;-;-;-;-
15.10.2017;3153;    Goslar, Landkreis;109045;59,9;64878;19368;26908;4134;4909;3000;5076;1483
15.10.2017;3154;    Helmstedt, Landkreis;73498;60,1;43897;14274;18206;2517;3102;1733;3001;1064
15.10.2017;3155;    Northeim, Landkreis;107932;62,1;66522;20184;28938;4238;5214;2449;4166;1333
15.10.2017;3156;    Osterode am Harz, Landkreis;-;-;-;-;-;-;-;-;-;-
15.10.2017;3157;    Peine, Landkreis;103023;64,4;66033;19554;29407;4422;3881;2613;4583;1573
15.10.2017;3158;    Wolfenbüttel, Landkreis;96568;68,0;65337;19579;26276;5250;4893;2939;4685;1715
15.10.2017;3159;    Göttingen, Landkreis;253158;62,5;157343;46461;60469;17770;10786;8814;8540;4503
15.10.2017;32;  Hannover, Stat. Region;1619480;64,5;1039380;316539;405423;95595;78900;51204;66667;25052
15.10.2017;3241;    Region Hannover, Landkreis;842392;65,8;551334;156781;214948;55106;42832;31784;35451;14432
15.10.2017;3241001;    Hannover, Landeshauptstadt;371018;64,7;238917;57065;92736;31036;18133;19149;13553;7245
15.10.2017;3251;    Diepholz, Landkreis;168730;62,6;105033;37450;35407;9358;10132;4350;5781;2555
15.10.2017;3252;    Hameln-Pyrmont, Landkreis;116251;61,2;70735;21920;28771;5593;4650;3190;5118;1493
15.10.2017;3254;    Hildesheim, Landkreis;217437;65,7;142099;44631;58156;12074;8888;6196;9154;3000
15.10.2017;3255;    Holzminden, Landkreis;56174;63,1;35140;10167;15078;2658;3328;1145;2111;653
15.10.2017;3256;    Nienburg (Weser), Landkreis;94363;60,9;57150;21032;21078;4600;3895;1741;3643;1161
15.10.2017;3257;    Schaumburg, Landkreis;124133;63,1;77889;24558;31985;6206;5175;2798;5409;1758
15.10.2017;33;  Lüneburg, Stat. Region;1337018;63,6;846802;297092;289170;79651;65156;38147;55431;22155
15.10.2017;3351;    Celle, Landkreis;138772;62,7;86634;32513;29394;5604;6981;3034;6897;2211
15.10.2017;3352;    Cuxhaven, Landkreis;157501;62,1;97216;35473;36617;7006;6125;3948;5698;2349
15.10.2017;3353;    Harburg, Landkreis;197678;66,2;130304;45672;39654;13822;12331;5484;9220;4121
15.10.2017;3354;    Lüchow-Dannenberg, Landkreis;39079;64,4;25057;7862;7863;3876;1593;1855;1351;657
15.10.2017;3355;    Lüneburg, Landkreis;140674;65,3;91472;25805;30244;12978;7266;6138;6161;2880
15.10.2017;3356;    Osterholz, Landkreis;89715;62,4;55696;17796;19778;5489;3972;3667;3679;1315
15.10.2017;3357;    Rotenburg (Wümme), Landkreis;128456;64,2;82056;33310;27341;6824;5690;2892;4059;1940
15.10.2017;3358;    Heidekreis, Landkreis;108330;62,4;67248;23725;25456;4828;4839;2355;4480;1565
15.10.2017;3359;    Stade, Landkreis;156285;62,7;97594;36663;31629;8300;7847;4036;6542;2577
15.10.2017;3360;    Uelzen, Landkreis;75103;63,6;47489;16332;17456;4196;3373;1952;3170;1010
15.10.2017;3361;    Verden, Landkreis;105425;62,9;66036;21941;23738;6728;5139;2786;4174;1530
15.10.2017;34;  Weser-Ems, Stat. Region;1909480;62,1;1178260;447754;409233;95300;90565;50569;60359;24480
15.10.2017;3401;    Delmenhorst, kreisfreie Stadt;56855;52,6;29705;8393;11534;1974;2080;1711;3118;895
15.10.2017;3402;    Emden, kreisfreie Stadt;38216;55,3;20966;4227;10495;1659;1384;1427;1245;529
15.10.2017;3403;    Oldenburg (Oldenburg), kreisfreie Stadt;128157;63,1;80568;18458;29549;12281;6475;7592;3769;2444
15.10.2017;3404;    Osnabrück, kreisfreie Stadt;122062;61,8;75075;23039;24814;10932;5934;5364;3144;1848
15.10.2017;3405;    Wilhelmshaven, kreisfreie Stadt;62014;54,1;33263;8488;14398;2210;2526;1796;2772;1073
15.10.2017;3451;    Ammerland, Landkreis;97020;64,5;62222;20486;22343;5669;6508;2558;3235;1423
15.10.2017;3452;    Aurich, Landkreis;152666;61,7;93271;24833;44357;6673;5554;4007;5773;2074
15.10.2017;3453;    Cloppenburg, Landkreis;119113;58,7;69467;38438;16474;3247;4992;1805;3599;912
15.10.2017;3454;    Emsland, Landkreis;237032;64,4;151907;84393;36756;7964;11021;3789;5878;2106
15.10.2017;3455;    Friesland, Landkreis;80722;63,9;51207;13422;23113;4011;4252;2074;3023;1312
15.10.2017;3456;    Grafschaft Bentheim, Landkreis;96888;64,1;61813;27832;21014;3902;4328;1836;2011;890
15.10.2017;3457;    Leer, Landkreis;130284;59,8;77426;25110;33576;5110;4378;2956;4774;1522
15.10.2017;3458;    Oldenburg, Landkreis;100326;65,8;65688;21029;22039;6530;7273;2839;4058;1920
15.10.2017;3459;    Osnabrück, Landkreis;271893;64,3;173879;70753;57566;14860;13654;6503;7542;3001
15.10.2017;3460;    Vechta, Landkreis;100585;63,5;63561;36633;13046;3425;5069;1597;2667;1124
15.10.2017;3461;    Wesermarsch, Landkreis;69810;58,7;40765;12880;16710;3179;3219;1716;2165;896
15.10.2017;3462;    Wittmund, Landkreis;45837;60,3;27477;9340;11449;1674;1918;999;1586;511
04.09.2016;13;Mecklenburg-Vorpommern;1328320;61,9;806419;153115;246395;38836;24521;106256;167852;69444
04.09.2016;13003;    Kreisfreie Stadt Rostock, Hansestadt;168495;63,2;105125;16191;34315;8457;3222;17434;17689;7817
04.09.2016;13004;    Kreisfreie Stadt Schwerin, Landeshauptstadt;76935;65,2;49030;8638;17224;3161;1531;6976;7807;3693
04.09.2016;13071;    Landkreis Mecklenburgische Seenplatte;219620;60,0;129114;25726;37212;4891;3306;18273;28594;11112
04.09.2016;13072;    Landkreis Rostock;176551;64,1;111044;23016;36315;4623;3272;12931;22688;8199
04.09.2016;13073;    Landkreis Vorpommern-Rügen;187722;59,1;108793;24475;28510;4937;3403;13162;25219;9087
04.09.2016;13074;    Landkreis Nordwestmecklenburg;128326;60,9;76992;13084;27692;3741;2430;9416;14796;5833
04.09.2016;13075;    Landkreis Vorpommern-Greifswald;195838;61,4;117712;21983;27934;5427;3704;15128;30625;12911
04.09.2016;13076;    Landkreis Ludwigslust-Parchim;174833;63,3;108609;20002;37193;3599;3653;12936;20434;10792
14.10.2018;9;Bayern;9479428;72,3;6782374;2523041;654539;1196178;345250;218944;694311;1150112
14.10.2018;91;  Oberbayern, Regierungsbezirk;3203709;74,6;2367136;798011;221710;527462;151403;74839;202708;391004
14.10.2018;9161;    Ingolstadt;90643;64,0;57337;20784;5217;9517;3972;2894;7383;7572
14.10.2018;9162;    München, Landeshauptstadt;910459;72,7;656649;162579;84340;204303;57488;30752;42441;74748
14.10.2018;9163;    Rosenheim;41029;68,2;27618;9396;2254;5767;1620;967;3203;4412
14.10.2018;9171;    Altötting, Landkreis;82670;68,5;55875;24639;5384;6399;1940;1367;6045;10102
14.10.2018;9172;    Berchtesgadener Land, Landkreis;74266;70,6;51637;21863;3400;8195;1904;1329;5306;9642
14.10.2018;9173;    Bad Tölz-Wolfratshausen, Landkreis;92307;74,7;68199;26833;4026;14440;3259;1712;5686;12244
14.10.2018;9174;    Dachau, Landkreis;104705;77,6;80517;28787;8520;13740;4351;1754;7324;16042
14.10.2018;9175;    Ebersberg, Landkreis;99240;79,8;78506;28256;8307;17043;5257;2011;5733;11901
14.10.2018;9176;    Eichstätt, Landkreis;97666;77,0;74452;32776;5558;8680;3084;1999;8455;13901
14.10.2018;9177;    Erding, Landkreis;99451;77,6;76401;28705;5139;12282;3277;1811;8345;16844
14.10.2018;9178;    Freising, Landkreis;120712;76,2;91012;25857;5437;21393;4260;2781;8660;22626
14.10.2018;9179;    Fürstenfeldbruck, Landkreis;153673;77,6;118175;39432;10836;27899;6979;3165;9752;20114
14.10.2018;9180;    Garmisch-Partenkirchen, Landkreis;65194;74,4;47879;19560;2259;7903;1772;872;4265;11250
14.10.2018;9181;    Landsberg am Lech, Landkreis;89870;77,9;69147;25092;4602;17433;3677;1863;5719;10763
14.10.2018;9182;    Miesbach, Landkreis;72825;76,7;55178;23003;3895;9746;2915;1136;4406;10078
14.10.2018;9183;    Mühldorf a.Inn, Landkreis;85378;71,4;60177;27621;4974;6809;1954;1281;7375;10165
14.10.2018;9184;    München, Landkreis;233873;79,2;183686;59792;19863;43981;15670;4716;13358;26308
14.10.2018;9185;    Neuburg-Schrobenhausen, Landkreis;71720;71,9;50998;19822;3018;5465;1705;1129;5847;14014
14.10.2018;9186;    Pfaffenhofen a.d.Ilm, Landkreis;92897;73,6;67552;25779;5655;8553;4649;1562;8558;12797
14.10.2018;9187;    Rosenheim, Landkreis;193991;76,1;146188;57464;9176;25660;7409;3526;14626;28329
14.10.2018;9188;    Starnberg, Landkreis;95997;80,1;76139;24153;6420;20213;7273;1784;5076;11223
14.10.2018;9189;    Traunstein, Landkreis;133391;72,8;95975;38318;7306;17611;3392;2506;8530;18315
14.10.2018;9190;    Weilheim-Schongau, Landkreis;101752;77,5;77844;27505;6129;14437;3603;1928;6624;17620
14.10.2018;92;  Niederbayern, Regierungsbezirk;935525;69,6;644258;245378;40796;68251;30320;14595;86438;158482
14.10.2018;9261;    Landshut;49011;68,7;33282;9138;2519;6856;2441;1135;3419;7775
14.10.2018;9262;    Passau;37809;67,8;25415;8073;2854;4801;1961;1136;2746;3845
14.10.2018;9263;    Straubing;34025;61,4;20675;8776;1269;2619;930;801;2883;3399
14.10.2018;9271;    Deggendorf, Landkreis;91726;68,1;61759;26446;3396;5457;2088;1230;9635;13508
14.10.2018;9272;    Freyung-Grafenau, Landkreis;63657;68,6;43103;15675;2203;2961;3714;775;6731;11045
14.10.2018;9273;    Kelheim, Landkreis;88212;70,5;61570;20745;3916;6773;2062;1281;7089;19706
14.10.2018;9274;    Landshut, Landkreis;118247;74,7;87472;27117;5202;10889;3845;1670;10286;28465
14.10.2018;9275;    Passau, Landkreis;150137;68,8;102191;41057;7773;9374;4555;2405;14748;22282
14.10.2018;9276;    Regen, Landkreis;62083;66,3;40774;15804;2680;3834;2631;749;6882;8195
14.10.2018;9277;    Rottal-Inn, Landkreis;91910;69,9;63438;27430;3226;6370;2370;1378;7445;15221
14.10.2018;9278;    Straubing-Bogen, Landkreis;77539;74,5;57120;25800;2344;4416;2072;1049;7595;13845
14.10.2018;9279;    Dingolfing-Landau, Landkreis;71169;67,5;47463;19321;3417;3904;1654;990;6982;11197
14.10.2018;93;  Oberpfalz, Regierungsbezirk;851366;72,9;613791;244594;58887;76102;21962;18127;75648;118472
14.10.2018;9361;    Amberg;32411;64,0;20440;7689;2395;2839;920;856;2663;3079
14.10.2018;9362;    Regensburg;105169;70,5;73552;20852;7319;19136;4049;4062;6732;11403
14.10.2018;9363;    Weiden i.d.OPf.;32535;64,8;20842;7892;2879;2747;1223;837;2764;2502
14.10.2018;9371;    Amberg-Sulzbach, Landkreis;81804;74,6;60293;23742;8358;6480;1909;1669;6814;11323
14.10.2018;9372;    Cham, Landkreis;101900;70,9;71289;29745;3761;5557;2349;1498;11448;16932
14.10.2018;9373;    Neumarkt i.d.OPf., Landkreis;101202;76,3;76366;36072;4668;9501;2488;1996;7760;13882
14.10.2018;9374;    Neustadt a.d.Waldnaab, Landkreis;75865;75,2;56378;24206;7463;4815;1770;1237;7291;9598
14.10.2018;9375;    Regensburg, Landkreis;147099;75,7;110408;42720;8327;14490;3765;2663;13489;24955
14.10.2018;9376;    Schwandorf, Landkreis;114338;71,3;80557;31381;8859;6924;2338;2305;11948;16802
14.10.2018;9377;    Tirschenreuth, Landkreis;59043;74,8;43669;20298;4860;3615;1153;1005;4742;7998
14.10.2018;94;  Oberfranken, Regierungsbezirk;839098;70,9;588422;235397;80159;77408;25010;17076;66120;87253
14.10.2018;9461;    Bamberg;55183;68,5;37414;11718;3709;9974;2227;1960;3866;3962
14.10.2018;9462;    Bayreuth;56443;65,1;36416;12878;5065;7549;2483;1347;2989;4106
14.10.2018;9463;    Coburg;31481;64,4;20087;6662;3523;4238;1132;964;1863;1707
14.10.2018;9464;    Hof;33015;61,7;20086;7158;3861;2414;930;768;2755;2202
14.10.2018;9471;    Bamberg, Landkreis;116048;75,0;86279;40027;5777;10578;3940;2120;12285;11553
14.10.2018;9472;    Bayreuth, Landkreis;84153;74,1;61850;27591;7491;6546;2159;1307;5989;10768
14.10.2018;9473;    Coburg, Landkreis;69716;70,0;48336;18654;9359;5781;1732;1382;5125;6303
14.10.2018;9474;    Forchheim, Landkreis;90087;76,6;68405;25122;4682;10645;3162;1863;6913;16020
14.10.2018;9475;    Hof, Landkreis;76937;71,5;54452;21397;12179;4142;1780;1337;6443;7175
14.10.2018;9476;    Kronach, Landkreis;55125;69,9;37921;17176;6206;3303;917;1060;4139;5122
14.10.2018;9477;    Kulmbach, Landkreis;59041;70,9;41425;15703;8058;4164;1785;978;4341;6398
14.10.2018;9478;    Lichtenfels, Landkreis;53825;68,6;36440;15559;4355;4122;1661;828;4171;5746
14.10.2018;9479;    Wunsiedel i.Fichtelgebirge, Landkreis;58044;68,6;39313;15754;5897;3957;1106;1165;5242;6193
14.10.2018;95;  Mittelfranken, Regierungsbezirk;1274988;71,4;903036;340470;107815;167603;37478;42445;85913;121314
14.10.2018;9561;    Ansbach;30724;63,0;19185;6596;1716;3752;651;1174;2423;2875
14.10.2018;9562;    Erlangen;76439;74,9;56794;17182;7180;15242;3467;3308;3716;6701
14.10.2018;9563;    Fürth;86684;65,6;56411;17185;8897;12246;2879;4155;5778;5273
14.10.2018;9564;    Nürnberg;340137;67,5;227117;77516;33213;47510;11020;15428;22063;20369
14.10.2018;9565;    Schwabach;29987;69,9;20755;8140;2321;4525;937;807;1926;2101
14.10.2018;9571;    Ansbach, Landkreis;140035;71,0;98644;41035;7297;16019;3200;3500;9725;17869
14.10.2018;9572;    Erlangen-Höchstadt, Landkreis;103092;77,2;79056;29783;8861;15426;3488;2612;7110;11777
14.10.2018;9573;    Fürth, Landkreis;91331;74,9;67928;26371;9016;11641;2692;2580;7135;8495
14.10.2018;9574;    Nürnberger Land, Landkreis;129586;76,4;98212;39119;12302;16272;3598;3563;9450;13909
14.10.2018;9575;    Neustadt a.d.Aisch-Bad Windsheim, Landkreis;77230;72,8;55764;25963;4791;6953;1675;1844;4869;9670
14.10.2018;9576;    Roth, Landkreis;97763;75,4;73137;29817;7535;10888;2548;2087;7090;13173
14.10.2018;9577;    Weißenburg-Gunzenhausen, Landkreis;71980;70,4;50036;21766;4687;7131;1326;1391;4632;9104
14.10.2018;96;  Unterfranken, Regierungsbezirk;1013948;71,9;721946;299063;72978;117591;34920;24988;70916;101490
14.10.2018;9661;    Aschaffenburg;49548;63,6;31025;10855;4106;6409;2150;1389;3356;2762
14.10.2018;9662;    Schweinfurt;37332;58,4;21501;7534;2831;3174;917;1359;3142;2545
14.10.2018;9663;    Würzburg;97323;69,0;66663;19990;7131;20040;4523;3436;4611;6933
14.10.2018;9671;    Aschaffenburg, Landkreis;132458;72,3;94571;38288;10877;15361;5575;2636;10353;11483
14.10.2018;9672;    Bad Kissingen, Landkreis;83262;72,2;59528;29417;4582;6904;2325;2206;6325;7770
14.10.2018;9673;    Rhön-Grabfeld, Landkreis;63737;71,5;45113;22555;2976;5736;1758;1724;4060;6306
14.10.2018;9674;    Haßberge, Landkreis;67899;74,0;49737;24082;4258;5545;2018;1685;5563;6587
14.10.2018;9675;    Kitzingen, Landkreis;69142;72,4;49556;19702;4199;7304;2085;1413;4956;9899
14.10.2018;9676;    Miltenberg, Landkreis;95271;70,1;65984;26181;7037;9267;3455;2019;6700;11326
14.10.2018;9677;    Main-Spessart, Landkreis;99733;74,2;73272;30371;8310;10139;2962;1917;6740;12835
14.10.2018;9678;    Schweinfurt, Landkreis;91309;74,8;67611;30882;5644;9196;2476;2381;7425;9610
14.10.2018;9679;    Würzburg, Landkreis;126934;77,4;97388;39208;11031;18519;4680;2825;7689;13437
14.10.2018;97;  Schwaben, Regierungsbezirk;1360794;70,1;943787;360129;72196;161762;44158;26876;106569;172098
14.10.2018;9761;    Augsburg;188369;64,6;120452;37155;13078;29210;6542;6383;13513;14572
14.10.2018;9762;    Kaufbeuren;31207;63,9;19708;6507;1223;3595;813;816;2340;4417
14.10.2018;9763;    Kempten (Allgäu);48229;64,2;30622;8988;2184;6254;2088;1143;3522;6445
14.10.2018;9764;    Memmingen;29258;64,4;18546;6326;1916;3031;938;560;2457;3320
14.10.2018;9771;    Aichach-Friedberg, Landkreis;100366;76,7;76326;31792;5464;12125;3704;1634;8913;12695
14.10.2018;9772;    Augsburg, Landkreis;187596;73,0;135715;51422;11668;21591;6197;3115;15488;26235
14.10.2018;9773;    Dillingen a.d.Donau, Landkreis;72300;68,6;48925;19910;3549;5226;2612;1009;6814;9807
14.10.2018;9774;    Günzburg, Landkreis;89710;68,1;60520;25860;3772;8243;2616;1350;8585;10095
14.10.2018;9775;    Neu-Ulm, Landkreis;122584;64,5;78092;27660;7226;14630;4124;2270;10139;12044
14.10.2018;9776;    Lindau (Bodensee), Landkreis;59117;68,7;40095;14485;2531;9040;1889;1445;3046;7660
14.10.2018;9777;    Ostallgäu, Landkreis;105313;74,4;77636;31985;5318;12167;2849;1797;7079;16443
14.10.2018;9778;    Unterallgäu, Landkreis;108167;72,5;77571;32666;3851;10525;3416;1647;9804;15664
14.10.2018;9779;    Donau-Ries, Landkreis;100078;73,4;72553;33068;6367;9725;2533;1822;7542;11498
14.10.2018;9780;    Oberallgäu, Landkreis;118500;74,2;87028;32308;4053;16404;3839;1888;7331;21207
28.10.2018;6;Hessen;4372788;67,3;2881261;776910;570446;570512;215946;181332;378692;187423
28.10.2018;64;  Darmstadt, Regierungsbezirk;2656003;67,8;1764765;472242;318628;383271;141187;116095;221226;112116
28.10.2018;6411;    Darmstadt, kreisfreie Stadt;105402;70,6;73266;13992;12812;22311;4955;8071;6572;4553
28.10.2018;6412;    Frankfurt am Main, kreisfreie Stadt;418703;64,7;266723;60935;49182;69385;21579;27798;23994;13850
28.10.2018;6413;    Offenbach am Main, kreisfreie Stadt;66776;58,4;38239;8322;6920;8855;2480;3976;5135;2551
28.10.2018;6414;    Wiesbaden, Landeshauptstadt, kreisfreie Stadt;186051;65,3;119345;30482;21122;27251;10479;9172;14601;6238
28.10.2018;6431;    Bergstraße, Landkreis;197146;65,9;127064;36755;21906;25559;10480;6046;18272;8046
28.10.2018;6432;    Darmstadt-Dieburg, Landkreis;213568;70,5;147249;38744;29769;31413;10637;8977;17926;9783
28.10.2018;6433;    Groß-Gerau, Landkreis;174125;65,5;111328;27872;23902;21764;6810;7230;15436;8314
28.10.2018;6434;    Hochtaunuskreis;163018;72,7;116697;37519;16565;25971;12462;5379;12929;5872
28.10.2018;6435;    Main-Kinzig-Kreis;297782;67,0;195188;51829;37575;34766;13794;9861;31979;15384
28.10.2018;6436;    Main-Taunus-Kreis;164460;72,4;117114;36062;17964;26068;10838;5750;13580;6852
28.10.2018;6437;    Odenwaldkreis;70409;66,5;45464;12103;10299;7149;3865;2810;6588;2650
28.10.2018;6438;    Offenbach, Landkreis;236673;69,0;159725;45910;25769;34122;13358;8855;20881;10830
28.10.2018;6439;    Rheingau-Taunus-Kreis;137643;72,2;97516;29402;16624;20013;8444;4897;12606;5530
28.10.2018;6440;    Wetteraukreis;224247;68,3;149847;42315;28219;28644;11006;7273;20727;11663
28.10.2018;65;  Gießen, Regierungsbezirk;782210;66,4;508399;144020;108057;85401;33679;30573;71338;35331
28.10.2018;6531;    Gießen, Landkreis;198531;69,2;134705;35097;28572;25948;8323;9117;17248;10400
28.10.2018;6532;    Lahn-Dill-Kreis;189291;61,4;113892;34657;23760;16904;7367;5212;17734;8258
28.10.2018;6533;    Limburg-Weilburg, Landkreis;128361;64,9;81160;25871;15767;12516;6555;3280;11488;5683
28.10.2018;6534;    Marburg-Biedenkopf, Landkreis;181454;68,4;121953;32426;27027;22124;7500;10191;15736;6949
28.10.2018;6535;    Vogelsbergkreis;84573;68,7;56689;15969;12931;7909;3934;2773;9132;4041
28.10.2018;66;  Kassel, Regierungsbezirk;934575;66,7;608097;160648;143761;101840;41080;34664;86128;39976
28.10.2018;6611;    Kassel, kreisfreie Stadt;139022;62,2;84785;16473;18109;21429;4843;9879;9032;5020
28.10.2018;6631;    Fulda, Landkreis;168971;69,5;115052;42662;13840;17431;8815;4535;20113;7656
28.10.2018;6632;    Hersfeld-Rotenburg, Landkreis;93293;66,2;60111;15508;16407;7799;3807;2753;9919;3918
28.10.2018;6633;    Kassel, Landkreis;187849;68,1;124535;28382;37845;20102;7782;6851;16013;7560
28.10.2018;6634;    Schwalm-Eder-Kreis;142132;68,9;95020;22071;26237;14240;6630;4370;13917;7555
28.10.2018;6635;    Waldeck-Frankenberg, Landkreis;122673;64,1;76773;22654;17183;12722;6232;3432;10403;4147
28.10.2018;6636;    Werra-Meißner-Kreis;80635;66,2;51821;12898;14140;8117;2971;2844;6731;4120
23.02.2020;2000;Hamburg;1316691;63,0;4062376;453717;1593825;981628;202059;368683;215306;247158
26.05.2019;4;Bremen;475482;64,1;1469506;391709;366375;256181;87420;166378;89939;111504
26.05.2019;4011;    Bremen, kreisfreie Stadt;394110;66,4;1266007;344715;315518;222362;75685;149111;71473;87143
26.05.2019;4012;    Bremerhaven, kreisfreie Stadt;81372;52,5;203499;46994;50857;33819;11735;17267;18466;24361
01.09.2019;12;Brandenburg;2088592;61,3;1265106;196988;331238;136364;51660;135558;297484;115814
01.09.2019;12051;    Brandenburg an der Havel, kreisfreie Stadt;59696;52,6;30928;5378;7950;3672;1115;3131;6659;3023
01.09.2019;12052;    Cottbus, kreisfreie Stadt;79600;61,6;48435;7467;11967;4001;2733;5274;13003;3990
01.09.2019;12053;    Frankfurt (Oder), kreisfreie Stadt;45561;55,7;25052;3744;5833;2270;953;4385;6138;1729
01.09.2019;12054;    Potsdam, kreisfreie Stadt;137613;69,3;94585;11356;24639;21019;4335;13545;12902;6789
01.09.2019;12060;    Barnim, Landkreis;154732;59,2;90425;12242;21120;9526;2652;11807;20414;12664
01.09.2019;12061;    Dahme-Spreewald, Landkreis;139929;63,7;87923;13261;23545;9204;3447;8662;21459;8345
01.09.2019;12062;    Elbe-Elster, Landkreis;87871;61,9;53662;10485;13274;2561;2359;4484;15560;4939
01.09.2019;12063;    Havelland, Landkreis;134200;61,9;81936;14098;20575;11361;3525;7454;18037;6886
01.09.2019;12064;    Märkisch-Oderland, Landkreis;163069;59,8;96320;13456;24009;9016;3363;13633;23571;9272
01.09.2019;12065;    Oberhavel, Landkreis;176499;60,9;106162;17613;28416;13305;4082;9617;23494;9635
01.09.2019;12066;    Oberspreewald-Lausitz, Landkreis;94066;59,4;55140;9020;14858;2450;2223;5331;17097;4161
01.09.2019;12067;    Oder-Spree, Landkreis;151235;60,2;89927;12768;22310;7352;3410;10254;23787;10046
01.09.2019;12068;    Ostprignitz-Ruppin, Landkreis;84276;55,1;45880;8112;12947;4640;1425;4993;10599;3164
01.09.2019;12069;    Potsdam-Mittelmark, Landkreis;176962;67,5;118146;19818;32612;17698;6437;10152;21085;10344
01.09.2019;12070;    Prignitz, Landkreis;65140;57,7;37130;6545;11716;2559;1305;3740;8384;2881
01.09.2019;12071;    Spree-Neiße, Landkreis;98072;65,5;63326;9366;16814;2873;3147;5141;21449;4536
01.09.2019;12072;    Teltow-Fläming, Landkreis;138399;62,2;84771;12974;23438;8682;3577;7849;19462;8789
01.09.2019;12073;    Uckermark, Landkreis;101672;55,2;55358;9285;15215;4175;1572;6106;14384;4621
18.09.2016;11000;Berlin;2485379;66,9;1635169;287997;352430;248324;109500;255701;231492;149725
18.09.2016;11001001;    Berlin-Mitte;204769;62,6;126106;17076;27172;26901;8333;22154;12480;11990
18.09.2016;11002002;    Berlin-Friedrichshain-Kreuzberg;170908;68,5;115605;9053;21087;32778;4517;27016;7396;13758
18.09.2016;11003003;    Berlin-Pankow;285240;69,9;196521;24719;39583;35145;8667;42196;27152;19059
18.09.2016;11004004;    Berlin-Charlottenburg-Wilmersdorf;217586;70,0;150208;30545;34318;27822;18454;13922;15431;9716
18.09.2016;11005005;    Berlin-Spandau;162760;63,5;101145;24835;27740;8779;7703;6726;16748;8614
18.09.2016;11006006;    Berlin-Steglitz-Zehlendorf;218473;74,5;160803;41065;34737;26976;19051;11152;17677;10145
18.09.2016;11007007;    Berlin-Tempelhof-Schöneberg;233874;68,9;158582;31622;39427;29615;12465;15348;18097;12008
18.09.2016;11008008;    Berlin-Neukölln;202453;63,2;125446;22356;29243;20308;7209;17017;17294;12019
18.09.2016;11009009;    Berlin-Treptow-Köpenick;202428;68,1;135575;17502;27720;12278;5494;30667;27736;14178
18.09.2016;11010010;    Berlin-Marzahn-Hellersdorf;200519;60,9;119889;20761;20329;5346;3411;28216;28310;13516
18.09.2016;11011011;    Berlin-Lichtenberg;204711;62,9;126377;15223;24950;9749;3694;34041;24002;14718
18.09.2016;11012012;    Berlin-Reinickendorf;181658;66,8;118912;33240;26124;12627;10502;7246;19169;10004