KREIS;ID;2017-TOTAL;2017-FACH;2017-AKADEM;2018-TOTAL;2018-FACH;2018-AKADEM;2019-TOTAL;2019-FACH;2019-AKADEM;2020-TOTAL;2020-FACH;2020-AKADEM
Flensburg, Stadt;1001;30.733;17.858;4.317;31.610;18.065;4.687;32.323;18.171;4.965;32.097;17.857;5.109
Kiel, Landeshauptstadt;1002;88.428;48.128;18.088;90.376;48.637;19.270;91.908;49.052;20.292;91.929;48.528;21.223
Lübeck, Hansestadt;1003;78.029;48.103;11.099;79.057;48.545;11.763;80.035;48.860;12.528;80.325;48.827;13.139
Neumünster, Stadt;1004;28.506;18.839;1.981;29.261;19.317;2.104;30.015;19.739;2.291;30.005;19.646;2.325
Dithmarschen;1051;46.641;32.276;3.158;47.404;32.914;3.342;48.664;33.651;3.588;48.885;33.905;3.755
Herzogtum Lauenburg;1053;72.570;48.728;7.719;74.216;49.857;8.218;75.481;50.504;8.673;75.655;50.444;9.086
Nordfriesland;1054;60.794;41.405;4.168;61.871;42.258;4.479;63.047;43.192;4.805;63.093;43.495;5.017
Ostholstein;1055;71.107;49.761;5.684;72.643;50.785;6.165;73.403;51.301;6.559;73.566;51.573;7.026
Pinneberg;1056;123.583;78.169;15.689;126.377;79.516;16.796;128.499;80.560;17.797;128.855;80.315;18.604
Plön;1057;44.513;30.665;4.893;45.394;31.359;5.225;46.211;31.899;5.550;46.377;31.914;5.922
Rendsburg-Eckernförde;1058;96.527;65.303;11.303;98.289;66.504;11.996;100.055;67.289;12.779;100.615;67.378;13.413
Schleswig-Flensburg;1059;67.460;46.762;5.603;69.117;48.078;6.040;70.539;49.215;6.406;71.128;49.752;6.841
Segeberg;1060;108.632;72.591;11.518;110.831;74.103;12.230;113.194;75.377;13.067;113.567;75.595;13.681
Steinburg;1061;48.948;33.803;4.044;49.950;34.358;4.325;51.163;35.203;4.563;51.520;35.444;4.745
Stormarn;1062;92.306;58.827;13.291;94.145;59.801;14.091;95.504;60.521;14.984;96.252;60.629;15.735
Hamburg, Freie und Hansestadt;2000;731.093;351.249;180.732;749.051;356.346;193.495;768.571;360.933;206.387;769.095;357.393;215.106
Braunschweig, Stadt;3101;98.845;51.890;27.316;100.919;52.198;28.895;102.797;52.419;30.494;102.546;51.745;31.359
Salzgitter, Stadt;3102;37.705;25.026;2.758;38.462;25.347;2.968;39.019;25.443;3.083;38.579;25.007;3.125
Wolfsburg, Stadt;3103;51.112;30.837;8.752;51.907;31.139;9.188;52.446;31.127;9.720;52.361;30.856;10.097
Gifhorn;3151;70.398;47.024;9.411;71.553;47.651;9.920;72.630;48.310;10.472;73.066;48.506;10.920
Goslar;3153;47.257;33.070;5.085;48.047;33.533;5.411;48.916;33.859;5.708;48.500;33.658;5.777
Helmstedt;3154;36.138;25.386;3.767;36.776;25.782;3.976;37.385;26.105;4.224;37.700;26.308;4.420
Northeim;3155;50.149;36.103;4.191;50.879;36.635;4.484;51.307;37.016;4.765;50.954;36.697;4.934
Peine;3157;51.827;36.157;5.405;53.183;36.937;5.772;54.179;37.479;6.159;54.601;37.603;6.582
Wolfenbüttel;3158;45.168;29.849;6.571;46.106;30.448;6.929;46.957;30.898;7.358;46.911;30.862;7.618
Göttingen;3159;119.025;74.982;22.230;120.737;75.657;23.313;122.055;75.779;24.143;121.184;75.191;24.371
Region Hannover;3241;435.799;258.651;80.468;445.015;261.488;85.528;452.982;263.275;90.249;452.630;261.347;93.313
Diepholz;3251;86.337;59.176;7.696;88.296;60.535;8.111;89.700;61.496;8.560;90.180;62.051;8.907
Hameln-Pyrmont;3252;54.582;37.592;5.249;55.617;38.112;5.527;56.509;38.481;5.899;56.574;38.533;6.069
Hildesheim;3254;103.020;70.380;13.158;104.907;71.229;13.857;105.638;71.341;14.577;105.421;70.819;15.120
Holzminden;3255;25.171;17.908;2.168;25.694;18.175;2.275;25.920;18.337;2.378;26.094;18.421;2.468
Nienburg (Weser);3256;47.237;32.664;3.344;47.812;33.166;3.558;48.217;33.533;3.780;48.286;33.624;3.926
Schaumburg;3257;57.285;40.639;5.730;58.574;41.320;6.066;59.725;42.017;6.400;60.357;42.273;6.658
Celle;3351;64.333;45.012;6.160;65.644;45.961;6.524;66.821;46.541;6.850;67.157;46.579;7.066
Cuxhaven;3352;70.959;49.092;5.459;72.360;50.282;5.810;73.462;51.217;6.191;73.371;51.371;6.407
Harburg;3353;98.632;64.822;12.969;101.423;66.479;13.780;103.720;67.786;14.592;104.780;68.269;15.323
Lüchow-Dannenberg;3354;15.676;10.951;1.365;15.956;11.193;1.475;16.270;11.424;1.571;16.237;11.320;1.625
Lüneburg;3355;67.014;42.791;11.020;68.479;43.461;11.679;69.882;43.960;12.416;70.062;43.895;12.935
Osterholz;3356;43.493;29.198;4.982;44.252;29.800;5.220;44.884;30.225;5.565;45.092;30.439;5.853
Rotenburg (Wümme);3357;65.291;45.880;5.206;66.368;46.776;5.510;67.875;47.728;5.796;68.432;48.103;6.058
Heidekreis;3358;52.427;37.353;3.808;53.741;38.335;3.996;54.440;38.809;4.317;54.837;39.012;4.538
Stade;3359;79.283;53.112;8.602;80.847;54.326;9.003;82.777;55.504;9.476;83.439;55.833;9.834
Uelzen;3360;33.063;23.213;2.996;33.588;23.669;3.152;34.147;24.081;3.348;34.305;24.126;3.492
Verden;3361;53.283;35.825;5.803;54.091;36.296;6.161;54.763;36.577;6.526;54.988;36.761;6.773
Delmenhorst, Stadt;3401;26.497;17.256;1.795;26.532;17.236;1.845;26.125;16.882;1.892;25.477;16.412;1.871
Emden, Stadt;3402;18.175;11.830;1.920;18.463;11.944;1.999;18.273;11.841;2.050;18.053;11.730;2.060
Oldenburg (Oldenburg), Stadt;3403;61.890;34.599;13.678;63.722;35.144;14.587;65.434;35.591;15.440;65.804;35.337;15.998
Osnabrück, Stadt;3404;63.419;34.709;13.516;64.729;35.029;14.279;66.112;35.254;14.946;66.143;34.811;15.434
Wilhelmshaven, Stadt;3405;24.974;16.434;2.267;25.579;16.670;2.435;25.770;16.792;2.524;25.920;16.790;2.606
Ammerland;3451;46.777;31.483;4.627;47.935;32.286;4.951;48.941;32.956;5.314;49.496;33.287;5.577
Aurich;3452;68.831;47.763;5.107;70.188;48.792;5.348;70.690;49.229;5.632;70.445;49.443;5.815
Cloppenburg;3453;67.286;42.523;4.013;69.700;43.953;4.367;72.022;45.232;4.728;73.276;45.787;5.013
Emsland;3454;126.359;87.446;11.029;130.645;89.894;11.761;134.437;91.608;12.492;135.805;92.301;13.085
Friesland;3455;35.026;24.515;3.070;35.662;25.158;3.251;36.374;25.659;3.433;36.698;25.900;3.632
Grafschaft Bentheim;3456;51.117;36.782;3.836;52.370;37.604;4.085;53.697;38.400;4.354;54.075;38.565;4.591
Leer;3457;59.612;42.424;4.580;61.119;43.375;4.822;62.556;44.409;5.132;63.094;44.894;5.404
Oldenburg;3458;53.123;34.634;5.089;54.343;35.335;5.468;55.820;36.206;5.845;56.423;36.561;6.155
Osnabrück;3459;147.096;99.875;13.267;150.185;101.818;14.090;152.640;103.254;14.910;153.365;103.632;15.636
Vechta;3460;61.522;38.892;5.248;63.141;39.628;5.646;64.651;40.387;6.075;65.076;40.675;6.299
Wesermarsch;3461;33.611;23.860;2.308;34.217;24.318;2.419;34.751;24.723;2.551;34.790;24.772;2.670
Wittmund;3462;20.240;14.085;1.131;20.548;14.277;1.225;20.752;14.483;1.297;20.746;14.615;1.343
Bremen, Stadt;4011;200.871;105.766;41.023;204.359;106.575;43.158;208.919;107.857;45.452;209.548;107.276;46.919
Bremerhaven, Stadt;4012;39.271;22.781;3.343;40.215;23.251;3.542;40.837;23.576;3.753;40.078;23.349;3.834
Düsseldorf, Stadt;5111;239.810;103.949;69.784;245.630;104.722;74.376;251.511;105.341;79.314;251.837;103.991;82.888
Duisburg, Stadt;5112;166.482;97.290;16.748;171.403;99.231;18.052;174.739;100.351;19.167;174.254;99.568;19.809
Essen, Stadt;5113;198.254;108.625;36.044;202.583;109.955;38.501;206.496;110.945;40.746;206.939;110.322;42.289
Krefeld, Stadt;5114;80.395;45.895;11.045;82.077;46.711;11.750;83.232;47.186;12.328;83.515;47.133;12.686
Mönchengladbach, Stadt;5116;93.418;54.582;10.859;95.181;55.245;11.539;96.787;55.979;12.237;97.188;55.965;12.642
Mülheim an der Ruhr, Stadt;5117;58.270;33.495;9.819;59.437;33.918;10.545;60.402;34.124;11.135;60.756;34.136;11.654
Oberhausen, Stadt;5119;72.798;46.466;6.742;74.298;47.333;7.112;75.238;47.644;7.479;75.007;47.464;7.675
Remscheid, Stadt;5120;40.732;25.622;3.657;41.447;26.054;3.844;42.333;26.565;4.017;42.238;26.375;4.183
Solingen, Klingenstadt;5122;60.245;35.885;6.525;61.547;36.620;6.963;62.470;37.239;7.360;62.024;36.975;7.694
Wuppertal, Stadt;5124;123.121;69.997;16.589;125.894;71.017;17.686;127.846;71.394;18.809;127.373;70.769;19.542
Kleve;5154;110.912;71.243;9.765;113.358;73.076;10.406;115.599;74.481;11.148;116.300;75.022;11.668
Mettmann;5158;181.854;108.579;26.826;185.026;110.249;28.490;187.441;111.499;30.046;186.589;110.633;31.294
Rhein-Kreis Neuss;5162;170.782;101.068;25.943;173.423;102.248;27.600;176.969;103.615;29.367;177.002;103.105;30.779
Viersen;5166;109.097;68.967;12.947;110.880;70.208;13.652;112.473;71.165;14.368;112.726;71.370;14.962
Wesel;5170;164.755;109.407;17.436;167.764;111.441;18.400;169.489;112.552;19.437;170.278;112.938;20.115
Bonn, Stadt;5314;113.899;45.443;38.031;116.964;45.950;40.210;119.965;46.238;42.342;121.068;46.246;43.881
Köln, Stadt;5315;404.702;182.027;108.959;415.919;184.609;116.741;426.259;186.312;124.674;423.907;183.453;129.038
Leverkusen, Stadt;5316;61.278;37.327;8.086;62.362;37.816;8.575;63.556;38.224;9.086;63.039;37.874;9.341
Städteregion Aachen;5334;196.625;103.909;41.179;202.164;105.546;43.987;206.745;107.219;46.210;207.093;106.959;47.673
Düren;5358;96.435;61.447;10.506;98.486;62.808;11.146;100.280;63.887;11.742;100.745;64.208;12.262
Rhein-Erft-Kreis;5362;178.027;105.887;24.930;181.568;107.877;26.356;184.783;109.140;27.858;184.466;108.816;29.128
Euskirchen;5366;71.093;46.962;6.584;72.313;47.791;6.924;73.623;48.792;7.370;73.935;49.104;7.661
Heinsberg;5370;90.798;58.386;8.335;92.936;59.955;8.826;94.432;61.017;9.419;94.874;61.362;9.804
Oberbergischer Kreis;5374;106.060;69.631;10.157;108.731;71.364;10.949;109.632;72.014;11.504;108.415;71.429;11.811
Rheinisch-Bergischer Kreis;5378;104.149;62.719;18.197;106.591;63.796;19.229;107.895;64.357;20.205;108.550;64.549;21.312
Rhein-Sieg-Kreis;5382;219.289;131.886;32.979;225.169;135.023;35.088;228.702;136.351;37.148;228.266;135.867;38.589
Bottrop, Stadt;5512;40.513;26.345;4.195;41.323;26.752;4.491;41.890;27.094;4.734;42.199;27.327;4.875
Gelsenkirchen, Stadt;5513;81.006;48.982;6.364;83.380;50.269;6.684;85.053;50.922;7.037;85.302;51.050;7.218
Münster, Stadt;5515;113.615;54.928;34.181;117.071;55.975;36.029;119.802;56.563;37.709;120.705;56.329;39.020
Borken;5554;146.838;102.725;11.890;150.105;104.960;12.678;152.789;106.685;13.386;153.792;107.358;14.038
Coesfeld;5558;87.515;59.611;9.874;89.151;60.610;10.362;90.725;61.689;10.899;91.436;61.959;11.454
Recklinghausen;5562;214.904;138.609;22.808;219.492;140.998;23.763;223.290;142.822;24.922;224.118;143.146;25.650
Steinfurt;5566;178.746;120.434;17.673;183.603;122.995;18.878;186.575;124.420;19.938;188.114;125.141;20.898
Warendorf;5570;110.091;73.943;10.625;112.794;75.161;11.331;114.728;76.027;12.006;115.329;76.408;12.464
Bielefeld, Stadt;5711;122.383;65.697;22.198;125.865;66.679;23.614;128.488;67.325;25.114;128.327;66.653;26.055
Gütersloh;5754;152.537;95.535;14.189;156.559;97.364;15.096;159.125;98.316;15.988;159.638;98.247;16.726
Herford;5758;99.088;65.596;9.471;100.761;66.584;9.996;102.157;67.383;10.391;101.887;66.903;10.948
Höxter;5762;53.960;38.049;4.945;54.912;38.689;5.196;55.299;38.952;5.426;55.086;38.927;5.581
Lippe;5766;131.359;86.096;14.192;133.801;87.774;14.985;135.714;88.657;15.741;135.507;88.315;16.167
Minden-Lübbecke;5770;122.503;82.086;11.717;124.525;83.199;12.389;126.062;84.067;12.961;125.653;83.719;13.509
Paderborn;5774;119.091;73.692;17.234;122.102;75.372;18.236;123.916;76.169;19.405;123.421;75.755;20.074
Bochum, Stadt;5911;126.595;70.230;24.406;129.488;71.017;26.077;132.087;71.543;27.403;132.761;71.137;28.455
Dortmund, Stadt;5913;206.288;112.976;35.231;211.910;115.224;37.384;215.842;116.330;39.227;216.535;115.745;40.438
Hagen, Stadt der FernUniversi.;5914;66.980;40.518;6.584;68.454;41.087;6.887;69.601;41.372;7.271;68.853;40.761;7.463
Hamm, Stadt;5915;62.394;38.880;5.267;64.078;39.707;5.652;65.365;40.143;6.018;65.525;40.151;6.230
Herne, Stadt;5916;51.141;31.314;4.641;52.489;31.965;4.955;53.658;32.362;5.209;54.122;32.409;5.387
Ennepe-Ruhr-Kreis;5954;120.065;76.014;16.634;122.414;77.309;17.521;124.466;78.250;18.435;124.201;77.815;18.991
Hochsauerlandkreis;5958;104.660;70.124;8.797;106.779;71.520;9.354;108.195;72.355;9.890;107.669;72.098;10.215
Märkischer Kreis;5962;160.890;102.332;14.060;163.917;104.367;14.650;164.496;104.823;15.268;161.460;103.294;15.461
Olpe;5966;56.256;38.612;4.767;57.507;39.325;5.078;57.829;39.576;5.300;56.963;39.231;5.472
Siegen-Wittgenstein;5970;109.505;73.573;12.299;111.569;74.775;12.980;112.570;75.276;13.487;111.683;74.608;13.716
Soest;5974;117.027;76.563;13.281;119.811;78.174;14.252;121.322;79.129;15.018;120.643;78.857;15.550
Unna;5978;142.874;91.826;14.644;146.334;94.257;15.366;149.469;95.854;16.271;149.649;95.769;16.756
Darmstadt, Wissenschaftsstadt;6411;60.564;23.462;21.530;62.497;23.663;22.941;63.820;23.561;24.024;63.639;23.222;24.715
Frankfurt am Main, Stadt;6412;297.069;109.478;94.304;306.107;111.068;100.443;315.445;111.741;107.898;315.828;110.048;112.640
Offenbach am Main, Stadt;6413;51.081;23.060;7.763;52.941;23.770;8.506;55.081;24.284;9.298;54.805;23.975;9.804
Wiesbaden, Landeshauptstadt;6414;106.702;52.364;24.586;108.540;52.734;25.679;110.038;53.012;26.673;109.777;52.363;27.576
Bergstraße;6431;103.342;64.566;15.486;105.315;65.516;16.168;107.106;66.098;16.999;107.431;65.869;17.771
Darmstadt-Dieburg;6432;116.251;68.724;20.387;118.766;69.787;21.290;120.789;70.337;22.542;120.726;69.982;23.254
Groß-Gerau;6433;109.066;63.090;14.616;112.162;64.198;15.498;114.559;64.715;16.471;113.837;63.865;17.111
Hochtaunuskreis;6434;85.908;44.655;21.891;87.397;45.047;22.853;88.751;45.056;24.032;88.809;44.616;24.817
Main-Kinzig-Kreis;6435;162.153;101.829;20.214;165.555;103.415;21.217;168.222;104.636;22.409;167.757;104.138;23.301
Main-Taunus-Kreis;6436;94.012;49.456;22.579;96.042;49.973;23.752;97.661;50.127;24.877;97.862;49.801;25.781
Odenwaldkreis;6437;36.400;24.028;3.488;37.136;24.256;3.675;37.482;24.437;3.862;37.090;24.206;4.008
Offenbach;6438;138.017;77.588;22.486;140.903;78.605;23.830;143.481;79.355;25.314;142.553;78.410;26.378
Rheingau-Taunus-Kreis;6439;69.042;42.658;11.948;70.508;43.228;12.651;71.676;43.588;13.183;71.623;43.494;13.574
Wetteraukreis;6440;117.460;72.835;18.775;120.000;73.835;19.905;122.537;74.637;21.030;123.149;74.428;22.022
Gießen;6531;95.851;56.843;17.885;97.981;57.651;18.845;100.286;58.126;20.019;100.724;57.868;20.610
Lahn-Dill-Kreis;6532;96.066;65.761;10.148;97.890;66.725;10.698;99.005;67.156;11.232;98.117;66.462;11.531
Limburg-Weilburg;6533;63.246;42.234;7.199;64.523;42.956;7.591;65.636;43.306;7.989;65.768;43.252;8.331
Marburg-Biedenkopf;6534;92.304;58.543;14.505;93.975;59.129;15.256;95.315;59.473;15.871;94.846;58.868;16.312
Vogelsbergkreis;6535;40.973;29.375;3.350;41.523;29.748;3.542;41.837;29.870;3.751;41.765;29.654;3.916
Kassel, documenta-Stadt;6611;71.656;38.118;15.455;72.972;38.544;16.118;74.527;38.697;17.016;74.162;38.123;17.357
Fulda;6631;86.238;58.906;10.615;87.941;59.858;11.254;89.702;60.485;12.026;89.716;60.256;12.418
Hersfeld-Rotenburg;6632;45.709;31.759;3.930;46.407;32.147;4.134;46.877;32.361;4.331;46.938;32.329;4.519
Kassel;6633;90.236;65.099;8.950;91.280;65.655;9.333;92.092;65.871;9.880;92.050;65.617;10.240
Schwalm-Eder-Kreis;6634;70.138;50.662;5.823;71.412;51.485;6.094;72.195;51.901;6.371;72.092;51.707;6.621
Waldeck-Frankenberg;6635;63.141;45.137;5.035;64.052;45.757;5.271;64.637;46.057;5.546;64.152;45.698;5.782
Werra-Meißner-Kreis;6636;35.923;26.372;3.096;36.530;26.704;3.227;36.843;26.884;3.424;36.797;26.719;3.596
Koblenz, kreisfreie Stadt;7111;40.446;22.904;7.552;41.122;22.929;8.179;41.912;22.920;8.705;41.727;22.663;8.996
Ahrweiler;7131;47.121;31.591;5.168;48.048;32.208;5.521;48.965;32.632;5.839;48.934;32.582;6.111
Altenkirchen (Westerwald);7132;49.034;34.991;3.521;50.057;35.682;3.735;50.748;36.092;3.913;50.094;35.727;4.052
Bad Kreuznach;7133;59.275;39.377;5.889;60.249;39.954;6.160;60.908;40.234;6.492;60.816;40.127;6.754
Birkenfeld;7134;30.036;21.349;2.028;30.339;21.555;2.147;30.587;21.705;2.272;30.108;21.374;2.374
Cochem-Zell;7135;23.311;16.714;1.495;23.656;16.932;1.574;23.854;17.009;1.680;23.596;16.961;1.730
Mayen-Koblenz;7137;81.081;56.609;7.499;82.362;57.399;8.003;83.445;57.881;8.561;83.315;57.622;8.941
Neuwied;7138;68.587;47.357;6.112;69.848;48.017;6.477;71.186;48.622;6.837;71.435;48.610;7.143
Rhein-Hunsrück-Kreis;7140;40.919;28.463;3.298;41.617;28.939;3.505;42.272;29.315;3.752;41.713;29.160;3.922
Rhein-Lahn-Kreis;7141;46.016;32.497;4.021;46.568;32.855;4.237;47.100;32.972;4.568;47.132;32.776;4.782
Westerwaldkreis;7143;78.517;55.813;6.775;80.225;56.799;7.294;81.787;57.667;7.750;81.517;57.281;8.133
Trier, kreisfreie Stadt;7211;33.870;19.166;6.287;34.791;19.396;6.700;35.697;19.545;7.037;35.196;19.192;7.167
Bernkastel-Wittlich;7231;42.776;30.173;2.962;43.396;30.518;3.149;43.953;30.733;3.319;44.717;31.072;3.633
Eifelkreis Bitburg-Prüm;7232;29.980;20.883;1.851;30.305;21.054;1.934;30.793;21.232;2.115;30.734;21.256;2.251
Vulkaneifel;7233;22.463;16.295;1.468;22.827;16.544;1.552;23.136;16.786;1.641;23.152;16.831;1.743
Trier-Saarburg;7235;45.444;32.534;3.975;45.718;32.660;4.152;45.905;32.487;4.452;45.343;32.103;4.583
Frankenthal (Pfalz), kr.f. St.;7311;16.298;10.293;1.673;16.232;10.139;1.684;16.090;10.031;1.671;15.737;9.802;1.662
Kaiserslautern, kreisfr. Stadt;7312;35.217;19.122;6.041;36.168;19.510;6.513;36.809;19.558;6.928;36.417;19.325;7.058
Landau in der Pfalz, kr.f. St.;7313;16.986;10.055;3.115;17.234;10.133;3.292;17.523;10.178;3.519;17.563;10.059;3.725
Ludwigshafen am Rhein, Stadt;7314;64.046;36.834;7.620;66.036;37.693;8.138;67.758;38.115;8.615;67.741;37.836;8.833
Mainz, kreisfreie Stadt;7315;81.537;35.172;25.923;84.125;35.639;27.727;87.270;35.993;29.820;87.496;35.497;30.915
Neustadt an der Weinstraße,St.;7316;19.914;12.006;3.036;20.191;12.067;3.240;20.195;12.155;3.334;20.204;12.019;3.509
Pirmasens, kreisfreie Stadt;7317;13.899;8.696;990;14.231;8.856;1.031;14.293;8.884;1.068;14.290;8.870;1.117
Speyer, kreisfreie Stadt;7318;19.198;11.572;3.111;19.573;11.677;3.301;19.457;11.481;3.402;19.213;11.236;3.514
Worms, kreisfreie Stadt;7319;32.504;18.870;3.785;33.163;19.206;3.968;33.865;19.297;4.220;33.618;19.206;4.236
Zweibrücken, kreisfreie Stadt;7320;12.574;8.235;1.263;12.853;8.274;1.336;13.182;8.393;1.412;13.076;8.318;1.430
Alzey-Worms;7331;51.422;34.021;5.510;52.223;34.440;5.724;53.123;34.743;6.059;53.068;34.662;6.252
Bad Dürkheim;7332;51.036;33.375;7.306;51.759;33.711;7.657;52.526;33.998;8.067;52.339;33.884;8.329
Donnersbergkreis;7333;29.603;20.217;2.582;29.819;20.426;2.727;30.269;20.684;2.841;30.051;20.491;2.940
Germersheim;7334;53.444;35.975;5.261;54.377;36.538;5.567;54.956;36.860;5.904;54.733;36.649;6.073
Kaiserslautern;7335;39.665;26.311;3.593;40.055;26.636;3.759;40.381;26.753;4.036;40.197;26.613;4.188
Kusel;7336;26.726;19.345;1.772;26.963;19.607;1.870;26.899;19.544;1.967;26.613;19.309;2.051
Südliche Weinstraße;7337;42.867;29.987;4.406;43.146;30.241;4.618;43.714;30.577;4.943;43.328;30.255;5.205
Rhein-Pfalz-Kreis;7338;60.661;39.906;8.447;61.569;40.323;8.807;64.248;41.631;9.577;63.859;41.245;9.804
Mainz-Bingen;7339;83.461;52.178;14.464;84.647;52.536;15.227;85.888;52.719;16.068;85.711;52.432;16.570
Südwestpfalz;7340;36.831;26.485;2.791;37.085;26.745;2.925;37.117;26.793;3.137;36.798;26.589;3.243
Stuttgart, Landeshauptstadt;8111;252.533;107.746;84.773;260.460;109.334;90.915;265.214;109.270;96.278;262.302;107.141;97.890
Böblingen;8115;163.183;95.759;33.144;167.065;96.857;35.385;170.047;97.501;37.905;169.187;96.272;39.206
Esslingen;8116;221.609;131.286;41.875;226.865;133.125;44.572;230.140;133.809;47.226;228.821;132.207;48.794
Göppingen;8117;101.534;66.378;12.329;104.063;67.897;13.088;105.512;68.572;13.771;104.413;67.792;14.198
Ludwigsburg;8118;227.905;134.805;43.965;232.915;136.599;46.725;236.187;137.304;49.374;235.115;135.801;51.121
Rems-Murr-Kreis;8119;174.279;108.996;26.907;177.902;110.408;28.697;180.642;111.548;30.439;179.306;110.478;31.427
Heilbronn, Universitätsstadt;8121;51.489;29.225;7.895;53.266;29.806;8.612;54.503;30.046;9.237;54.287;29.714;9.665
Heilbronn;8125;146.353;97.364;18.106;150.117;99.346;19.249;153.116;100.738;20.751;152.611;100.299;21.551
Hohenlohekreis;8126;49.458;33.568;4.806;50.763;34.220;5.162;51.720;34.756;5.479;51.622;34.695;5.727
Schwäbisch Hall;8127;82.898;55.320;8.444;85.002;56.505;9.100;86.694;57.345;9.667;86.879;57.406;10.128
Main-Tauber-Kreis;8128;54.647;38.675;5.246;55.870;39.214;5.648;56.672;39.614;5.966;56.172;39.322;6.105
Heidenheim;8135;52.910;35.059;6.517;54.324;35.837;6.851;55.532;36.339;7.269;55.254;36.131;7.512
Ostalbkreis;8136;126.415;85.669;16.698;129.650;87.294;17.957;131.616;87.981;19.018;130.973;87.332;19.722
Baden-Baden, Stadt;8211;20.244;12.034;3.461;20.957;12.271;3.698;21.487;12.446;3.976;21.324;12.300;4.128
Karlsruhe, Stadt;8212;117.937;55.299;35.372;121.599;55.872;38.046;124.229;56.371;40.094;123.503;55.305;40.992
Karlsruhe;8215;181.683;115.543;26.658;185.860;117.474;28.213;188.071;118.347;29.674;188.354;117.679;31.001
Rastatt;8216;97.858;66.600;10.413;99.757;67.495;11.072;101.217;68.547;11.580;100.574;67.789;12.049
Heidelberg, Stadt;8221;51.228;18.331;21.990;52.948;18.487;23.468;54.282;18.650;24.468;54.694;18.351;25.263
Mannheim, Universitätsstadt;8222;121.700;61.146;27.683;126.433;62.646;29.753;129.112;63.159;31.428;128.737;62.473;32.393
Neckar-Odenwald-Kreis;8225;58.327;40.781;5.116;59.590;41.461;5.506;60.451;41.832;5.831;59.954;41.669;6.020
Rhein-Neckar-Kreis;8226;217.092;131.806;40.172;221.696;133.668;42.538;224.480;134.111;44.698;224.653;133.277;46.094
Pforzheim, Stadt;8231;48.745;28.528;5.758;50.770;29.226;6.277;51.482;29.523;6.609;51.783;29.091;6.756
Calw;8235;65.618;44.896;6.843;67.393;45.851;7.319;68.486;46.427;7.806;68.655;46.501;8.240
Enzkreis;8236;82.117;56.211;10.185;83.802;57.116;10.885;85.081;57.736;11.466;84.755;57.238;11.933
Freudenstadt;8237;50.053;34.805;4.725;51.393;35.603;5.068;52.331;36.056;5.392;52.018;35.762;5.602
Freiburg im Breisgau, Stadt;8311;79.789;36.171;26.414;82.644;36.861;28.290;84.827;37.036;29.886;84.703;36.672;30.684
Breisgau-Hochschwarzwald;8315;101.008;65.874;14.316;103.350;66.794;15.246;104.898;67.281;16.162;105.089;67.194;17.076
Emmendingen;8316;67.682;45.569;7.913;69.179;46.402;8.430;70.389;46.791;9.083;70.609;46.771;9.655
Ortenaukreis;8317;179.097;123.347;17.429;183.326;125.394;18.708;186.288;126.560;19.925;185.120;125.910;20.754
Rottweil;8325;58.129;39.264;5.793;59.545;40.086;6.257;60.262;40.559;6.609;59.981;40.280;6.894
Schwarzwald-Baar-Kreis;8326;85.949;56.845;9.298;88.183;58.060;9.975;89.268;58.627;10.584;87.956;57.727;10.867
Tuttlingen;8327;59.205;39.058;5.392;60.904;39.968;5.852;61.665;40.262;6.255;61.024;39.952;6.521
Konstanz;8335;102.571;61.977;16.207;105.246;63.281;17.236;107.124;63.665;18.331;106.346;63.010;18.963
Lörrach;8336;75.829;48.963;7.575;76.970;49.634;8.042;77.456;49.743;8.514;76.593;49.204;8.865
Waldshut;8337;55.269;37.416;4.470;56.378;37.962;4.786;57.084;38.344;5.100;56.318;37.955;5.286
Reutlingen;8415;117.308;73.492;17.815;119.838;74.655;18.763;121.861;75.402;19.818;121.171;74.823;20.383
Tübingen;8416;85.921;46.672;22.743;88.449;47.358;24.290;90.274;47.956;25.463;90.505;47.634;26.264
Zollernalbkreis;8417;77.182;52.347;7.274;78.770;53.360;7.779;79.823;53.921;8.258;79.600;53.769;8.654
Ulm, Universitätsstadt;8421;50.966;25.872;13.573;52.486;26.097;14.510;53.788;26.405;15.184;53.547;25.930;15.692
Alb-Donau-Kreis;8425;82.640;55.232;10.129;84.888;56.467;10.757;86.385;57.197;11.412;86.289;57.070;11.867
Biberach;8426;84.904;58.272;10.407;87.046;59.444;11.033;88.984;60.568;11.594;89.133;60.482;12.260
Bodenseekreis;8435;88.077;54.170;16.710;89.852;54.854;17.608;91.767;55.684;18.650;91.168;54.985;19.274
Ravensburg;8436;116.020;76.404;16.796;118.930;77.995;17.834;121.002;78.953;18.848;121.087;79.003;19.497
Sigmaringen;8437;53.065;36.480;4.721;54.249;37.401;5.036;55.147;37.889;5.346;54.972;37.897;5.601
Ingolstadt, Stadt;9161;60.422;33.249;14.200;61.771;33.738;14.921;62.977;33.978;15.773;62.585;33.503;16.105
München, Landeshauptstadt;9162;645.488;254.987;230.734;665.810;257.946;247.275;684.488;258.956;263.431;667.428;250.792;264.500
Rosenheim, Stadt;9163;24.779;14.545;4.325;25.700;14.966;4.738;26.413;15.298;5.056;26.382;15.143;5.333
Altötting;9171;44.364;31.679;4.296;45.548;32.532;4.545;46.583;33.239;4.785;46.752;33.237;5.005
Berchtesgadener Land;9172;35.361;24.887;3.214;36.231;25.510;3.417;36.988;26.011;3.665;37.064;26.083;3.909
Bad Tölz-Wolfratshausen;9173;49.789;31.930;7.716;51.041;32.718;8.228;51.971;33.184;8.680;52.337;33.339;9.170
Dachau;9174;67.064;40.330;10.577;68.816;41.015;11.295;70.014;41.528;11.991;70.387;41.392;12.639
Ebersberg;9175;58.246;33.770;12.471;60.033;34.548;13.280;62.033;35.410;14.257;62.907;35.576;15.014
Eichstätt;9176;55.831;38.274;8.093;56.960;38.882;8.491;57.831;39.206;8.982;57.649;39.136;9.249
Erding;9177;60.669;40.960;7.736;62.055;41.576;8.352;63.304;42.113;8.887;63.890;42.279;9.309
Freising;9178;80.510;47.322;14.729;82.703;48.215;15.632;84.677;48.995;16.514;85.145;48.871;17.310
Fürstenfeldbruck;9179;86.993;51.232;17.568;88.928;51.941;18.550;90.979;52.322;19.602;91.976;52.411;20.558
Garmisch-Partenkirchen;9180;32.145;21.860;3.843;32.914;22.313;4.196;33.658;22.652;4.565;33.686;22.647;4.862
Landsberg am Lech;9181;46.014;29.967;7.776;47.287;30.658;8.230;48.445;31.089;8.793;48.580;31.060;9.183
Miesbach;9182;38.631;24.608;6.529;39.219;24.845;6.915;40.205;25.180;7.433;40.216;25.055;7.808
Mühldorf a.Inn;9183;46.802;32.700;4.269;48.025;33.572;4.564;48.922;34.082;4.887;49.344;34.419;5.152
München;9184;136.773;68.944;38.232;140.166;69.542;40.738;143.829;70.227;43.323;146.011;70.256;45.563
Neuburg-Schrobenhausen;9185;41.369;29.095;3.894;42.100;29.641;4.152;42.854;30.084;4.449;43.164;30.317;4.673
Pfaffenhofen a.d.Ilm;9186;54.609;36.751;6.891;56.098;37.484;7.410;57.243;38.083;8.045;57.686;38.242;8.508
Rosenheim;9187;100.009;67.775;13.857;102.328;69.143;14.735;104.312;70.208;15.576;104.636;70.317;16.374
Starnberg;9188;47.621;24.632;13.019;48.655;24.893;13.760;49.908;25.215;14.571;50.340;25.041;15.276
Traunstein;9189;68.539;48.523;7.450;69.877;49.383;7.907;71.274;50.195;8.464;71.518;50.324;8.981
Weilheim-Schongau;9190;53.459;36.925;6.647;54.794;37.718;7.129;55.595;38.120;7.619;55.802;38.055;8.112
Landshut, Stadt;9261;28.683;16.604;5.198;29.473;16.835;5.544;30.212;17.129;5.854;30.453;17.168;6.100
Passau, Stadt;9262;17.819;10.622;3.483;18.602;10.916;3.781;19.220;11.170;4.023;19.086;11.000;4.197
Straubing, Stadt;9263;19.115;12.279;1.934;19.568;12.436;2.061;19.876;12.445;2.235;19.648;12.232;2.284
Deggendorf;9271;48.878;35.267;4.389;49.856;35.904;4.668;50.593;36.449;4.936;50.792;36.463;5.193
Freyung-Grafenau;9272;31.022;23.642;1.834;31.657;24.211;1.973;32.092;24.695;2.084;32.134;24.786;2.174
Kelheim;9273;51.678;36.550;4.650;52.956;37.154;4.984;54.054;37.709;5.389;54.326;37.830;5.676
Landshut;9274;66.739;47.086;6.437;68.235;48.123;6.952;69.406;49.044;7.381;69.923;49.392;7.861
Passau;9275;74.922;55.400;5.194;76.466;56.478;5.492;77.673;57.358;5.904;77.565;57.414;6.201
Regen;9276;30.324;23.396;1.902;30.994;23.792;2.071;31.410;24.162;2.177;31.314;24.174;2.277
Rottal-Inn;9277;47.353;34.719;3.058;48.518;35.602;3.278;49.065;35.957;3.523;49.392;36.267;3.681
Straubing-Bogen;9278;41.817;30.666;3.242;42.751;31.353;3.462;43.568;31.850;3.705;43.708;31.960;3.839
Dingolfing-Landau;9279;43.811;30.117;2.755;44.557;30.568;2.967;44.676;30.908;3.169;44.749;31.020;3.368
Amberg, Stadt;9361;16.409;11.032;1.800;16.816;11.228;1.954;17.070;11.342;2.075;16.966;11.217;2.141
Regensburg, Stadt;9362;62.423;30.392;18.019;64.375;30.871;19.084;65.546;31.066;20.037;65.513;30.646;20.678
Weiden i.d.OPf., Stadt;9363;16.237;10.651;1.806;16.657;10.826;1.910;16.944;10.978;2.020;16.933;10.945;2.077
Amberg-Sulzbach;9371;43.182;32.040;3.278;43.846;32.462;3.452;44.259;32.840;3.648;43.958;32.643;3.824
Cham;9372;52.439;39.550;3.363;53.267;40.206;3.540;54.061;40.717;3.801;53.918;40.794;3.978
Neumarkt i.d.OPf.;9373;55.966;40.524;5.033;57.323;41.330;5.440;58.665;41.985;5.823;59.019;42.206;6.173
Neustadt a.d.Waldnaab;9374;38.640;28.121;2.590;39.208;28.569;2.727;39.677;28.984;2.901;39.395;29.004;3.019
Regensburg;9375;81.278;56.050;10.242;83.028;56.889;10.955;84.130;57.317;11.550;83.858;57.025;11.989
Schwandorf;9376;61.929;45.315;4.263;63.400;46.280;4.627;64.183;46.802;4.935;64.328;47.004;5.195
Tirschenreuth;9377;29.139;22.558;1.907;29.645;22.951;2.044;29.905;23.134;2.151;29.879;23.199;2.264
Bamberg, Stadt;9461;27.748;15.112;6.885;28.845;15.396;7.484;29.512;15.486;7.936;29.495;15.305;8.294
Bayreuth, Stadt;9462;26.510;15.687;5.407;27.218;15.910;5.791;27.594;15.961;6.087;27.574;15.741;6.375
Coburg, Stadt;9463;16.740;10.271;3.057;17.047;10.315;3.285;17.096;10.296;3.388;16.995;10.217;3.483
Hof, Stadt;9464;16.837;11.137;2.047;17.292;11.363;2.142;17.461;11.433;2.261;17.325;11.285;2.261
Bamberg;9471;64.186;47.660;5.703;64.989;48.177;6.045;65.651;48.427;6.474;65.376;48.072;6.681
Bayreuth;9472;42.800;32.760;3.397;43.421;33.239;3.652;43.886;33.542;3.902;43.883;33.481;4.150
Coburg;9473;37.860;28.734;3.130;38.159;29.037;3.304;38.367;29.085;3.485;38.077;28.800;3.633
Forchheim;9474;49.471;33.965;6.709;50.355;34.421;7.072;50.892;34.707;7.429;50.754;34.469;7.753
Hof;9475;37.270;28.612;2.950;37.834;29.013;3.148;38.027;29.086;3.369;37.764;28.942;3.444
Kronach;9476;28.422;21.190;2.003;28.751;21.451;2.107;28.819;21.530;2.206;28.288;21.217;2.208
Kulmbach;9477;30.212;22.797;2.515;30.572;22.945;2.674;30.780;23.022;2.812;30.684;22.828;2.894
Lichtenfels;9478;28.629;21.340;2.027;29.052;21.638;2.179;29.240;21.687;2.294;29.039;21.521;2.354
Wunsiedel i.Fichtelgebirge;9479;27.784;20.244;2.095;28.178;20.535;2.221;28.336;20.612;2.340;28.240;20.617;2.445
Ansbach, Stadt;9561;16.793;10.794;2.052;17.208;11.033;2.136;17.403;11.069;2.267;17.316;10.962;2.384
Erlangen, Stadt;9562;45.852;20.308;15.667;47.221;20.528;16.530;48.502;20.727;17.488;48.911;20.431;18.285
Fürth, Stadt;9563;54.978;31.500;9.614;56.412;32.112;10.180;57.298;32.355;10.672;57.205;32.094;11.121
Nürnberg, Stadt;9564;210.968;110.606;42.702;218.257;112.852;45.956;223.316;114.284;48.878;220.993;112.254;50.154
Schwabach, Stadt;9565;16.342;10.590;2.266;16.694;10.762;2.384;17.027;10.889;2.558;17.192;10.933;2.677
Ansbach;9571;77.962;56.056;6.210;79.567;56.963;6.707;80.586;57.606;7.093;80.788;57.657;7.393
Erlangen-Höchstadt;9572;58.083;36.083;11.305;59.285;36.483;11.914;60.180;36.806;12.503;60.152;36.844;12.821
Fürth;9573;48.497;32.927;6.713;49.046;33.230;7.019;49.852;33.541;7.403;49.710;33.407;7.695
Nürnberger Land;9574;69.697;46.995;9.605;70.674;47.411;10.196;71.938;47.960;10.791;72.139;47.871;11.281
Neustadt a.d.Aisch-Bad Windsh.;9575;41.971;29.883;3.403;42.976;30.505;3.631;43.825;30.948;3.928;43.961;30.992;4.142
Roth;9576;52.893;37.702;5.473;53.853;38.236;5.871;54.573;38.556;6.182;54.402;38.473;6.420
Weißenburg-Gunzenhausen;9577;38.481;28.109;3.028;39.227;28.519;3.238;39.534;28.690;3.425;39.345;28.668;3.547
Aschaffenburg, Stadt;9661;27.964;16.386;4.774;28.715;16.754;5.122;29.410;16.840;5.560;29.222;16.666;5.719
Schweinfurt, Stadt;9662;19.744;11.972;2.379;20.410;12.261;2.569;20.702;12.313;2.794;20.615;12.242;2.905
Würzburg, Stadt;9663;49.906;25.791;13.910;51.664;26.262;14.917;52.980;26.573;15.834;52.658;25.964;16.364
Aschaffenburg;9671;71.051;48.932;8.474;72.124;49.557;8.916;73.090;50.123;9.462;72.892;49.850;9.839
Bad Kissingen;9672;40.957;30.288;3.413;41.802;30.825;3.686;42.156;31.011;3.910;41.910;30.826;4.111
Rhön-Grabfeld;9673;32.978;24.623;2.937;33.553;25.056;3.129;33.776;25.179;3.322;33.502;25.030;3.441
Haßberge;9674;35.482;26.946;2.442;36.078;27.300;2.644;36.419;27.632;2.760;36.028;27.446;2.854
Kitzingen;9675;37.495;26.359;3.418;38.506;26.770;3.763;39.122;27.057;4.056;38.914;26.906;4.249
Miltenberg;9676;52.825;37.050;4.536;53.799;37.609;4.838;54.139;37.812;5.122;53.799;37.492;5.348
Main-Spessart;9677;53.716;39.052;4.839;54.396;39.557;5.122;54.795;39.719;5.327;54.118;39.238;5.439
Schweinfurt;9678;48.577;35.138;4.409;49.340;35.567;4.747;49.719;35.820;5.062;49.554;35.858;5.312
Würzburg;9679;65.575;46.184;8.758;66.845;46.631;9.368;67.740;46.993;9.920;67.702;46.745;10.376
Augsburg, Stadt;9761;116.991;64.330;23.021;120.437;65.640;24.677;123.488;66.387;26.067;122.477;65.280;27.007
Kaufbeuren, Stadt;9762;17.249;11.667;1.747;17.746;11.914;1.862;18.121;12.097;1.985;18.268;12.168;2.103
Kempten (Allgäu), Stadt;9763;27.043;17.571;3.669;28.089;17.986;4.116;28.813;18.159;4.515;28.863;17.996;4.758
Memmingen, Stadt;9764;17.774;11.608;1.806;18.291;11.881;1.943;18.780;12.072;2.098;18.746;12.083;2.232
Aichach-Friedberg;9771;54.281;37.544;6.688;55.407;38.199;7.142;56.512;38.917;7.587;56.746;39.026;7.924
Augsburg;9772;100.867;69.618;12.058;103.235;71.054;12.868;105.432;72.203;13.703;106.357;72.549;14.388
Dillingen a.d.Donau;9773;40.693;29.345;2.930;41.374;29.801;3.111;42.008;30.198;3.327;42.120;30.264;3.502
Günzburg;9774;54.038;37.448;4.554;55.296;38.292;4.918;56.716;39.049;5.292;56.532;39.090;5.526
Neu-Ulm;9775;72.816;47.860;9.545;74.986;49.134;10.227;76.747;49.885;11.005;76.353;49.352;11.500
Lindau (Bodensee);9776;31.274;20.953;4.444;31.883;21.220;4.663;32.549;21.634;4.933;32.435;21.567;5.156
Ostallgäu;9777;55.491;40.891;5.449;56.978;41.920;5.874;58.258;42.568;6.351;58.476;42.637;6.723
Unterallgäu;9778;59.250;43.407;5.076;61.234;44.636;5.504;62.803;45.648;5.939;63.319;45.908;6.278
Donau-Ries;9779;56.980;41.082;4.950;58.287;41.942;5.294;59.334;42.517;5.605;59.585;42.787;5.845
Oberallgäu;9780;61.539;44.720;6.728;63.154;45.658;7.311;64.723;46.603;7.839;64.739;46.424;8.353
Regionalverband Saarbrücken;10041;115.305;70.284;18.524;117.921;71.436;19.336;119.924;71.967;20.364;118.050;70.909;20.718
Merzig-Wadern;10042;34.279;24.083;3.039;34.643;24.251;3.199;34.709;24.249;3.341;34.300;23.972;3.443
Neunkirchen;10043;49.267;33.635;4.598;49.874;34.013;4.782;50.227;34.086;5.005;49.841;33.885;5.173
Saarlouis;10044;72.780;50.218;7.130;74.131;51.112;7.426;74.570;51.302;7.774;73.347;50.516;8.038
Saarpfalz-Kreis;10045;54.159;35.729;7.592;54.653;35.972;7.820;55.046;35.928;8.164;54.580;35.499;8.305
St. Wendel;10046;33.526;23.903;3.502;33.737;24.098;3.669;33.846;24.089;3.906;33.672;23.930;4.034
Berlin, Stadt;11000;1.296.364;602.505;348.419;1.340.056;610.946;377.831;1.380.329;615.290;407.151;1.382.779;605.677;426.559
Brandenburg an der Havel, St.;12051;26.911;19.430;3.107;27.213;19.605;3.231;27.528;19.599;3.346;27.420;19.446;3.406
Cottbus, Stadt;12052;36.777;24.216;6.740;37.049;24.226;6.989;37.295;24.273;7.199;36.721;23.800;7.277
Frankfurt (Oder), Stadt;12053;21.158;14.183;2.948;21.438;14.265;3.018;21.376;14.194;3.089;21.016;13.950;3.070
Potsdam, Stadt;12054;67.978;37.590;18.570;70.310;38.155;20.052;72.042;38.248;21.337;72.470;37.780;22.246
Barnim;12060;71.927;50.045;9.056;73.062;50.802;9.459;74.388;51.536;9.939;74.910;51.650;10.493
Dahme-Spreewald;12061;67.563;46.612;8.976;69.132;47.436;9.473;69.994;48.098;9.937;70.331;48.071;10.410
Elbe-Elster;12062;39.526;31.219;3.512;39.782;31.512;3.546;39.873;31.636;3.571;39.329;31.179;3.586
Havelland;12063;63.663;44.515;7.452;65.053;45.195;7.964;66.003;45.606;8.372;66.293;45.664;8.839
Märkisch-Oderland;12064;74.881;53.417;8.578;76.054;54.223;8.921;76.953;54.793;9.274;77.104;54.719;9.455
Oberhavel;12065;82.492;56.833;10.258;84.129;57.912;10.762;85.618;58.853;11.290;85.879;58.775;11.768
Oberspreewald-Lausitz;12066;42.080;31.578;4.453;42.499;31.911;4.545;42.799;32.015;4.637;42.525;31.844;4.617
Oder-Spree;12067;68.963;49.788;8.185;69.484;50.188;8.418;70.168;50.427;8.768;69.841;50.009;8.972
Ostprignitz-Ruppin;12068;38.006;28.516;3.348;38.324;28.726;3.461;38.477;28.782;3.539;38.078;28.376;3.626
Potsdam-Mittelmark;12069;84.825;56.228;14.329;85.926;56.853;14.846;86.625;57.161;15.548;86.660;56.936;16.152
Prignitz;12070;28.957;22.196;2.098;29.301;22.452;2.165;29.271;22.474;2.188;29.130;22.213;2.220
Spree-Neiße;12071;44.533;33.113;4.613;44.427;33.223;4.615;44.121;33.009;4.665;43.648;32.606;4.696
Teltow-Fläming;12072;69.244;49.579;7.126;70.871;50.682;7.545;71.943;51.232;7.968;72.224;51.299;8.400
Uckermark;12073;42.782;32.245;3.868;43.106;32.486;3.946;43.216;32.429;4.002;42.797;32.147;4.048
Rostock, Hanse- und Uni-Stadt;13003;77.953;48.943;15.925;79.692;49.805;16.565;80.987;50.238;17.059;80.937;49.771;17.458
Schwerin, Landeshauptstadt;13004;35.002;23.172;5.738;35.348;23.334;5.911;35.723;23.430;6.050;35.324;22.954;6.254
Mecklenburgische Seenplatte;13071;97.160;72.346;10.681;98.004;73.035;10.801;97.822;72.873;10.749;96.519;71.777;10.777
Landkreis Rostock;13072;82.185;59.795;10.021;82.923;60.421;10.354;83.784;61.019;10.584;83.246;60.564;10.771
Vorpommern-Rügen;13073;83.189;61.990;8.145;84.060;62.678;8.334;84.562;62.873;8.464;83.427;61.955;8.592
Nordwestmecklenburg;13074;62.416;45.313;6.625;62.940;45.828;6.831;63.363;46.162;6.993;63.070;45.889;7.132
Vorpommern-Greifswald;13075;85.239;60.757;10.767;86.341;61.343;11.057;86.999;61.510;11.758;85.228;60.474;11.685
Ludwigslust-Parchim;13076;87.911;63.715;7.366;88.478;64.205;7.476;88.315;64.116;7.520;87.373;63.705;7.560
Chemnitz, Stadt;14511;91.039;60.314;19.007;92.450;60.627;19.701;93.044;60.835;19.903;92.189;60.089;19.820
Erzgebirgskreis;14521;134.042;105.787;14.273;133.510;105.482;14.365;132.730;104.894;14.309;130.355;103.082;14.204
Mittelsachsen;14522;122.418;93.252;15.616;122.463;93.253;15.829;122.217;92.967;15.747;120.333;91.348;15.659
Vogtlandkreis;14523;88.199;67.638;10.617;88.846;68.016;10.846;88.510;67.684;10.828;87.146;66.559;10.794
Zwickau;14524;127.209;96.450;16.303;128.363;97.063;16.600;127.402;96.414;16.527;126.025;95.195;16.405
Dresden, Stadt;14612;219.926;124.199;66.494;225.536;125.556;69.808;228.999;126.358;71.542;230.529;126.129;73.215
Bautzen;14625;120.048;89.745;15.450;120.367;90.151;15.648;120.193;90.374;15.600;119.485;89.748;15.661
Görlitz;14626;92.360;68.867;11.318;92.463;69.167;11.433;92.487;69.317;11.397;92.028;68.723;11.475
Meißen;14627;95.374;69.808;14.025;96.224;70.302;14.249;96.601;70.864;14.169;95.792;70.006;14.208
Sächs. Schweiz-Osterzgebirge;14628;97.061;72.826;13.204;98.080;73.489;13.474;98.695;73.979;13.579;98.406;73.536;13.724
Leipzig, Stadt;14713;226.578;129.291;61.039;235.431;132.137;65.506;240.794;133.493;68.233;242.738;133.148;70.760
Leipzig;14729;102.900;75.221;14.027;104.003;75.921;14.452;104.375;76.220;14.540;104.020;75.794;14.884
Nordsachsen;14730;80.678;60.659;8.604;81.419;61.136;8.809;81.917;61.535;8.910;81.720;61.261;8.983
Dessau-Roßlau, Stadt;15001;30.206;21.950;4.243;30.295;21.939;4.302;30.079;21.779;4.275;29.599;21.458;4.201
Halle (Saale), Stadt;15002;84.975;52.890;18.218;86.457;53.324;18.948;87.170;53.108;19.370;87.290;52.554;19.699
Magdeburg, Landeshauptstadt;15003;91.149;57.441;19.061;92.844;57.781;19.823;93.708;57.900;20.186;92.804;57.133;20.396
Altmarkkreis Salzwedel;15081;35.629;27.670;3.029;35.567;27.646;3.023;35.297;27.393;3.041;34.668;26.965;2.994
Anhalt-Bitterfeld;15082;62.495;47.397;5.997;62.210;47.274;5.955;61.469;46.786;5.822;60.353;45.887;5.741
Börde;15083;74.238;56.756;6.726;74.217;56.769;6.778;73.639;56.461;6.746;72.554;55.694;6.753
Burgenlandkreis;15084;71.986;54.553;6.409;72.420;54.836;6.436;72.645;54.740;6.450;71.920;54.060;6.414
Harz;15085;84.771;64.544;8.249;85.005;64.747;8.628;84.459;64.472;8.640;82.698;63.105;8.591
Jerichower Land;15086;35.787;27.015;3.641;35.892;27.041;3.689;35.888;26.979;3.685;35.369;26.670;3.683
Mansfeld-Südharz;15087;50.578;39.917;4.349;50.403;39.999;4.255;50.105;39.859;4.236;49.158;39.156;4.145
Saalekreis;15088;76.442;57.520;8.548;76.783;58.070;8.523;76.706;58.127;8.502;76.275;57.807;8.489
Salzlandkreis;15089;72.190;55.358;6.187;72.458;55.763;6.194;72.219;55.608;6.191;71.242;54.914;6.070
Stendal;15090;41.994;32.239;4.307;41.894;32.286;4.291;42.749;32.915;4.389;42.099;32.429;4.364
Wittenberg;15091;50.234;39.497;4.491;50.552;39.747;4.573;50.701;39.782;4.564;49.986;39.172;4.547
Erfurt, Stadt;16051;82.419;52.411;17.040;84.007;53.064;17.422;85.272;53.417;18.071;85.170;52.837;18.447
Gera, Stadt;16052;34.453;25.791;4.183;34.745;25.826;4.162;34.636;25.629;4.181;34.011;25.075;4.141
Jena, Stadt;16053;40.810;20.939;15.653;41.658;20.945;16.276;42.334;20.918;16.751;42.012;20.369;17.083
Suhl, Stadt;16054;13.207;9.791;1.790;13.185;9.759;1.727;13.896;10.282;1.782;13.522;9.936;1.736
Weimar, Stadt;16055;22.963;13.734;6.115;23.433;13.876;6.328;23.825;13.926;6.636;23.776;13.755;6.793
Eisenach, Stadt;16056;16.928;12.032;2.195;17.009;12.073;2.240;17.002;11.946;2.266;16.592;11.597;2.246
Eichsfeld;16061;42.104;33.629;3.543;42.185;33.689;3.562;42.128;33.608;3.659;41.292;32.985;3.671
Nordhausen;16062;32.535;24.647;3.409;32.535;24.758;3.395;32.381;24.635;3.451;31.636;24.071;3.435
Wartburgkreis;16063;53.519;42.556;4.561;53.314;42.366;4.549;48.738;38.605;4.271;50.226;39.952;4.421
Unstrut-Hainich-Kreis;16064;41.524;32.709;3.806;41.685;32.849;3.822;41.350;32.595;3.822;40.450;31.942;3.788
Kyffhäuserkreis;16065;28.654;22.556;2.264;28.508;22.531;2.224;28.285;22.511;2.232;27.612;22.023;2.182
Schmalkalden-Meiningen;16066;51.070;39.739;5.578;51.022;39.682;5.541;52.252;40.584;5.628;51.248;39.766;5.562
Gotha;16067;55.956;42.766;5.611;56.686;43.183;5.610;56.688;42.991;5.678;55.848;42.155;5.646
Sömmerda;16068;28.436;22.087;2.434;28.197;21.977;2.349;27.230;21.397;2.276;26.489;20.878;2.243
Hildburghausen;16069;28.305;23.155;2.340;28.174;22.925;2.318;28.012;22.725;2.343;27.414;22.091;2.327
Ilm-Kreis;16070;42.886;31.118;6.128;43.275;31.209;6.358;42.638;30.526;6.458;41.865;29.807;6.471
Weimarer Land;16071;34.215;25.859;4.121;34.324;25.983;4.179;34.249;25.966;4.280;34.173;25.788;4.323
Sonneberg;16072;23.353;18.272;2.033;23.447;18.244;1.968;24.170;18.718;2.008;23.372;18.123;1.949
Saalfeld-Rudolstadt;16073;43.178;33.516;4.534;43.072;33.405;4.472;40.789;31.635;4.286;41.238;31.993;4.384
Saale-Holzland-Kreis;16074;34.184;25.843;4.373;34.197;25.915;4.405;34.267;25.862;4.462;33.807;25.413;4.566
Saale-Orla-Kreis;16075;34.080;27.408;2.939;33.956;27.316;2.904;33.979;27.212;2.920;33.450;26.706;2.891
Greiz;16076;38.166;30.146;3.810;38.334;30.332;3.764;38.028;30.132;3.721;37.131;29.514;3.621
Altenburger Land;16077;33.891;26.487;2.955;34.041;26.655;2.973;33.883;26.583;2.933;33.218;26.145;2.928