ID;NAME;POP2020;POP2019;POP2018;POP2017;AREA2020;AREA2019;AREA2018;AREA2017
1;  Schleswig-Holstein;2903773;2896712;2889821;2881926;15800,54;15804,30;15804,20;15802,27
1001;      Flensburg, kreisfreie Stadt;90164;89504;88519;87432;53,02;56,73;56,73;56,74
1002;      Kiel, Landeshauptstadt, kreisfreie Stadt;246794;247548;247943;247441;118,65;118,65;118,65;118,65
1003;      Lübeck, Hansestadt, kreisfreie Stadt;216530;217198;216318;216712;214,19;214,19;214,19;214,21
1004;      Neumünster, kreisfreie Stadt;80196;79487;79335;79680;71,66;71,66;71,66;71,63
1051;      Dithmarschen, Landkreis;133193;133210;133447;133560;1428,17;1428,17;1428,17;1428,14
1053;      Herzogtum Lauenburg, Landkreis;198019;197264;196074;195063;1263,07;1263,07;1263,07;1263,04
1054;      Nordfriesland, Landkreis;165951;165507;165462;164926;2083,55;2083,55;2083,46;2083,01
1055;      Ostholstein, Landkreis;200539;200581;200584;200813;1393,02;1393,02;1393,02;1392,59
1056;      Pinneberg, Landkreis;316103;314391;312662;310653;664,25;664,25;664,25;664,25
1057;      Plön, Landkreis;128686;128647;128842;128703;1083,56;1083,56;1083,56;1083,20
1058;      Rendsburg-Eckernförde, Landkreis;274098;272775;273022;272337;2189,79;2189,79;2189,79;2189,25
1059;      Schleswig-Flensburg, Landkreis;201156;200025;199503;198685;2071,28;2071,28;2071,28;2071,13
1060;      Segeberg, Landkreis;277175;276032;274025;272235;1344,47;1344,47;1344,47;1344,42
1061;      Steinburg, Landkreis;131013;131347;131613;131875;1055,70;1055,70;1055,70;1055,72
1062;      Stormarn, Landkreis;244156;243196;242472;241811;766,17;766,21;766,21;766,29
2000;  Hamburg;1847253;1841179;1830584;1810438;755,09;755,09;755,09;755,09
3;  Niedersachsen;7993608;7982448;7962775;7945685;47709,80;47709,50;47709,82;47709,83
31;    Braunschweig, Stat. Region;1594929;1596396;1595734;1595609;8117,19;8117,03;8117,36;8117,36
3101;      Braunschweig, kreisfreie Stadt;249406;248292;248023;248667;192,70;192,70;192,70;192,70
3102;      Salzgitter, kreisfreie Stadt;104291;104948;104548;103668;224,49;224,49;224,49;224,49
3103;      Wolfsburg, kreisfreie Stadt;124371;124151;123914;123909;204,61;204,61;204,61;204,61
3151;      Gifhorn, Landkreis;176523;175920;175079;174749;1567,55;1567,45;1567,58;1567,58
3152;      Göttingen, Landkreis;-;-;-;-;-;-;-;-
3153;      Goslar, Landkreis;136292;137014;137563;137979;966,72;966,73;966,72;966,72
3154;      Helmstedt, Landkreis;91297;91307;91720;92079;676,15;676,12;676,15;676,15
3155;      Northeim, Landkreis;132285;132765;133046;133610;1268,76;1268,76;1268,77;1268,77
3156;      Osterode am Harz, Landkreis;-;-;-;-;-;-;-;-
3157;      Peine, Landkreis;134801;133965;133368;132979;536,50;536,50;536,50;536,50
3158;      Wolfenbüttel, Landkreis;119622;119960;120437;120904;724,30;724,28;724,30;724,30
3159;      Göttingen, Landkreis;326041;328074;328036;327065;1755,42;1755,39;1755,55;1755,55
32;    Hannover, Stat. Region;2148238;2149805;2144120;2139976;9064,77;9064,75;9064,74;9064,72
3241;      Region Hannover, Landkreis;1157115;1157624;1152675;1148700;2297,13;2297,13;2297,13;2297,14
3241001;      Hannover, Landeshauptstadt;536925;538068;535061;532864;204,30;204,30;204,30;204,30
3251;      Diepholz, Landkreis;217089;216886;216012;215082;1991,01;1990,99;1991,00;1990,99
3252;      Hameln-Pyrmont, Landkreis;148549;148559;148296;148265;797,54;797,53;797,54;797,54
3254;      Hildesheim, Landkreis;275817;276594;276640;277300;1208,34;1208,35;1208,33;1208,33
3255;      Holzminden, Landkreis;70458;70975;71144;71510;694,27;694,27;694,24;694,24
3256;      Nienburg (Weser), Landkreis;121390;121386;121470;121503;1400,82;1400,82;1400,82;1400,80
3257;      Schaumburg, Landkreis;157820;157781;157883;157616;675,67;675,66;675,68;675,68
33;    Lüneburg, Stat. Region;1716448;1710914;1706464;1703945;15541,57;15541,48;15541,46;15541,48
3351;      Celle, Landkreis;179011;178936;178764;178370;1550,82;1550,82;1550,82;1550,82
3352;      Cuxhaven, Landkreis;198038;198213;198100;198670;2058,96;2058,96;2058,97;2058,97
3353;      Harburg, Landkreis;254431;252776;251511;250326;1248,45;1248,45;1248,45;1248,57
3354;      Lüchow-Dannenberg, Landkreis;48412;48424;48357;48825;1227,33;1227,19;1227,22;1227,22
3355;      Lüneburg, Landkreis;184139;183372;182930;181605;1327,80;1327,81;1327,79;1327,67
3356;      Osterholz, Landkreis;113928;113517;113105;112695;652,67;652,67;652,67;652,67
3357;      Rotenburg (Wümme), Landkreis;163782;163455;163377;163372;2074,78;2074,78;2074,78;2074,78
3358;      Heidekreis, Landkreis;140673;139755;139099;139641;1881,45;1881,46;1881,45;1881,41
3359;      Stade, Landkreis;204512;203102;201887;201638;1267,38;1267,40;1267,38;1267,38
3360;      Uelzen, Landkreis;92389;92572;92744;92961;1462,59;1462,60;1462,59;1462,59
3361;      Verden, Landkreis;137133;136792;136590;135842;789,33;789,34;789,33;789,39
34;    Weser-Ems, Stat. Region;2533993;2525333;2516457;2506155;14986,26;14986,20;14986,27;14986,27
3401;      Delmenhorst, kreisfreie Stadt;77559;77607;77521;77045;62,45;62,45;62,45;62,45
3402;      Emden, kreisfreie Stadt;49913;50195;50607;50486;112,34;112,34;112,34;112,34
3403;      Oldenburg (Oldenburg), kreisfreie Stadt;169077;168210;167081;165711;103,09;103,09;103,09;103,09
3404;      Osnabrück, kreisfreie Stadt;165251;164748;164374;164070;119,80;119,80;119,80;119,80
3405;      Wilhelmshaven, kreisfreie Stadt;76089;76278;76316;76201;107,07;107,07;107,07;107,07
3451;      Ammerland, Landkreis;124859;124071;123377;122698;730,64;730,64;730,64;730,57
3452;      Aurich, Landkreis;189694;189848;189949;190066;1287,35;1287,34;1287,36;1287,36
3453;      Cloppenburg, Landkreis;170682;169348;167925;165930;1420,34;1420,35;1420,35;1420,42
3454;      Emsland, Landkreis;326954;325657;323636;321391;2883,67;2883,64;2883,67;2883,67
3455;      Friesland, Landkreis;98704;98460;98509;98409;609,53;609,54;609,53;609,53
3456;      Grafschaft Bentheim, Landkreis;137162;136511;135859;135770;981,79;981,81;981,79;981,79
3457;      Leer, Landkreis;170756;169809;168946;168253;1085,72;1085,70;1085,72;1085,72
3458;      Oldenburg, Landkreis;130890;130144;129924;129484;1064,83;1064,83;1064,84;1064,84
3459;      Osnabrück, Landkreis;358080;357343;356140;354807;2121,81;2121,80;2121,81;2121,81
3460;      Vechta, Landkreis;142814;141598;140540;139671;814,20;814,20;814,20;814,20
3461;      Wesermarsch, Landkreis;88583;88624;89022;89282;824,78;824,76;824,78;824,78
3462;      Wittmund, Landkreis;56926;56882;56731;56881;656,86;656,84;656,86;656,86
4;  Bremen;681202;682986;681032;678753;419,37;419,37;419,37;419,84
4011;      Bremen, kreisfreie Stadt;567559;569352;568006;565719;325,55;325,55;325,55;326,18
4012;      Bremerhaven, kreisfreie Stadt;113643;113634;113026;113034;93,82;93,82;93,82;93,66
5;  Nordrhein-Westfalen;17947221;17932651;17912134;17890100;34112,44;34112,31;34112,45;34112,74
51;    Düsseldorf, Regierungsbezirk;5207457;5202321;5198820;5190790;5292,31;5292,18;5292,33;5292,32
5111;      Düsseldorf, kreisfreie Stadt;621877;619294;617280;613230;217,41;217,41;217,41;217,41
5112;      Duisburg, kreisfreie Stadt;498686;498590;498110;499845;232,80;232,80;232,80;232,80
5113;      Essen, kreisfreie Stadt;582760;583109;583393;583084;210,34;210,34;210,34;210,34
5114;      Krefeld, kreisfreie Stadt;227417;227020;226699;226812;137,78;137,77;137,77;137,77
5116;      Mönchengladbach, kreisfreie Stadt;261034;261454;262188;260925;170,47;170,47;170,47;170,47
5117;      Mülheim an der Ruhr, kreisfreie Stadt;170632;170880;171265;170936;91,28;91,28;91,28;91,28
5119;      Oberhausen, kreisfreie Stadt;210764;210829;211422;211382;77,09;77,09;77,09;77,09
5120;      Remscheid, kreisfreie Stadt;111338;110994;110584;110611;74,52;74,52;74,52;74,52
5122;      Solingen, kreisfreie Stadt;159245;159360;158803;158908;89,54;89,54;89,54;89,54
5124;      Wuppertal, kreisfreie Stadt;355100;354382;353590;352390;168,39;168,39;168,39;168,39
5154;      Kleve, Kreis;312465;310974;311270;310329;1232,99;1232,99;1232,99;1232,99
5158;      Mettmann, Kreis;485570;485684;485409;484770;407,22;407,22;407,22;407,22
5162;      Rhein-Kreis Neuss;451730;451007;449408;447431;576,42;576,28;576,42;576,42
5166;      Viersen, Kreis;298863;298935;298733;298422;563,28;563,28;563,28;563,28
5170;      Wesel, Kreis;459976;459809;460666;461715;1042,79;1042,80;1042,80;1042,80
53;    Köln, Regierungsbezirk;4478847;4468904;4454228;4439416;7364,06;7364,06;7364,06;7364,35
5314;      Bonn, kreisfreie Stadt;329673;327258;325490;322125;141,06;141,06;141,06;141,06
5315;      Köln, kreisfreie Stadt;1087863;1085664;1080394;1075935;405,01;405,01;405,01;405,02
5316;      Leverkusen, kreisfreie Stadt;163729;163838;163577;163113;78,87;78,87;78,87;78,87
5334;      Städteregion Aachen (einschl. Stadt Aachen);557026;555465;554068;552472;706,91;706,91;706,91;706,83
5334002;      Aachen, krfr. Stadt;248960;247380;246272;244951;160,85;160,85;160,85;160,85
5354;      Aachen, Kreis;-;-;-;-;-;-;-;-
5358;      Düren, Kreis;264638;263722;262889;262072;941,49;941,49;941,49;941,77
5362;      Rhein-Erft-Kreis;470615;470089;467209;465549;704,71;704,71;704,71;704,71
5366;      Euskirchen, Kreis;193656;192840;192127;191202;1248,73;1248,73;1248,73;1248,73
5370;      Heinsberg, Kreis;255555;254322;253106;252651;627,91;627,91;627,91;627,99
5374;      Oberbergischer Kreis;272057;272471;272968;273139;918,85;918,85;918,85;918,85
5378;      Rheinisch-Bergischer Kreis;283271;283455;283344;283304;437,32;437,32;437,32;437,32
5382;      Rhein-Sieg-Kreis;600764;599780;599056;597854;1153,21;1153,21;1153,21;1153,21
55;    Münster, Regierungsbezirk;2624625;2623619;2621153;2619376;6918,35;6918,36;6918,35;6918,36
5512;      Bottrop, kreisfreie Stadt;117565;117383;117364;117409;100,61;100,62;100,61;100,61
5513;      Gelsenkirchen, kreisfreie Stadt;259645;260654;260305;262528;104,94;104,94;104,94;104,94
5515;      Münster, kreisfreie Stadt;315293;314319;313559;311846;303,28;303,28;303,28;303,28
5554;      Borken, Kreis;371339;370676;369718;369226;1420,98;1420,98;1420,98;1420,98
5558;      Coesfeld, Kreis;220586;219929;219360;219019;1112,04;1112,05;1112,05;1112,05
5562;      Recklinghausen, Kreis;614137;615261;616824;617195;761,31;761,31;761,31;761,31
5566;      Steinfurt, Kreis;448220;447614;446565;444409;1795,75;1795,76;1795,76;1795,76
5570;      Warendorf, Kreis;277840;277783;277458;277744;1319,42;1319,42;1319,41;1319,42
57;    Detmold, Regierungsbezirk;2055724;2055310;2054343;2054205;6525,30;6525,30;6525,30;6525,30
5711;      Bielefeld, kreisfreie Stadt;334195;333786;332552;333451;258,83;258,83;258,82;258,82
5754;      Gütersloh, Kreis;364938;364083;363049;361828;969,21;969,21;969,21;969,21
5758;      Herford, Kreis;250578;250783;251539;251074;450,40;450,41;450,41;450,41
5762;      Höxter, Kreis;140251;140667;141565;141855;1201,42;1201,42;1201,42;1201,42
5766;      Lippe, Kreis;347514;348391;349069;348933;1246,22;1246,22;1246,22;1246,22
5770;      Minden-Lübbecke, Kreis;310409;310710;311207;311866;1152,41;1152,42;1152,41;1152,41
5774;      Paderborn, Kreis;307839;306890;305362;305198;1246,80;1246,80;1246,80;1246,80
59;    Arnsberg, Regierungsbezirk;3580568;3582497;3583590;3586313;8012,43;8012,41;8012,41;8012,41
5911;      Bochum, kreisfreie Stadt;365587;364628;365529;364920;145,66;145,66;145,66;145,66
5913;      Dortmund, kreisfreie Stadt;588250;587010;586600;585813;280,71;280,71;280,71;280,71
5914;      Hagen, kreisfreie Stadt;188686;188814;187730;188266;160,45;160,45;160,45;160,45
5915;      Hamm, kreisfreie Stadt;179916;179111;179185;179571;226,44;226,43;226,43;226,43
5916;      Herne, kreisfreie Stadt;156449;156374;156490;156774;51,42;51,42;51,42;51,42
5954;      Ennepe-Ruhr-Kreis;324106;324296;324670;325374;409,64;409,64;409,64;409,64
5958;      Hochsauerlandkreis;259777;260475;261591;262269;1960,17;1960,17;1960,17;1960,17
5962;      Märkischer Kreis;410222;412120;413383;414886;1061,07;1061,06;1061,06;1061,06
5966;      Olpe, Kreis;133955;134775;134808;134983;712,14;712,14;712,14;712,14
5970;      Siegen-Wittgenstein, Kreis;276944;278210;277977;277933;1132,89;1132,89;1132,89;1132,89
5974;      Soest, Kreis;301785;301902;301693;301655;1328,63;1328,64;1328,63;1328,63
5978;      Unna, Kreis;394891;394782;393934;393869;543,21;543,21;543,21;543,21
6;  Hessen;6288080;6265809;6243262;6213088;21115,64;21115,66;21115,68;21115,67
64;    Darmstadt, Regierungsbezirk;4019961;3998724;3978050;3951234;7444,25;7444,25;7444,25;7444,25
6411;      Darmstadt, kreisfreie Stadt;159878;159207;158254;157437;122,07;122,07;122,07;122,07
6412;      Frankfurt am Main, kreisfreie Stadt;763380;753056;746878;736414;248,31;248,31;248,31;248,31
6413;      Offenbach am Main, kreisfreie Stadt;130280;128744;126658;124589;44,88;44,88;44,88;44,88
6414;      Wiesbaden, Landeshauptstadt, kreisfreie Stadt;278474;278342;278654;277619;203,87;203,87;203,87;203,87
6431;      Bergstraße, Landkreis;270340;269694;268780;267935;719,47;719,47;719,47;719,47
6432;      Darmstadt-Dieburg, Landkreis;297844;297399;296048;294744;658,64;658,64;658,64;658,64
6433;      Groß-Gerau, Landkreis;275726;274526;271403;269045;453,03;453,03;453,03;453,03
6434;      Hochtaunuskreis;236914;236564;235995;234991;481,84;481,84;481,84;481,84
6435;      Main-Kinzig-Kreis;420552;418950;418208;416715;1397,32;1397,32;1397,32;1397,32
6436;      Main-Taunus-Kreis;238558;237735;236969;235708;222,53;222,53;222,53;222,53
6437;      Odenwaldkreis;96703;96798;96597;96473;623,97;623,97;623,97;623,97
6438;      Offenbach, Landkreis;355813;354092;351692;349982;356,24;356,24;356,24;356,24
6439;      Rheingau-Taunus-Kreis;187160;187157;186602;185668;811,41;811,41;811,41;811,41
6440;      Wetteraukreis;308339;306460;305312;303914;1100,66;1100,66;1100,66;1100,66
65;    Gießen, Regierungsbezirk;1048646;1047262;1045807;1043643;5380,59;5380,59;5380,58;5380,58
6531;      Gießen, Landkreis;270688;268876;267056;265699;854,56;854,56;854,56;854,56
6532;      Lahn-Dill-Kreis;253319;253777;254164;254074;1066,30;1066,30;1066,30;1066,30
6533;      Limburg-Weilburg, Landkreis;171912;172083;171971;172120;738,44;738,44;738,44;738,44
6534;      Marburg-Biedenkopf, Landkreis;247084;246648;246165;245013;1262,37;1262,37;1262,37;1262,37
6535;      Vogelsbergkreis;105643;105878;106451;106737;1458,91;1458,91;1458,91;1458,91
66;    Kassel, Regierungsbezirk;1219473;1219823;1219405;1218211;8290,80;8290,83;8290,85;8290,84
6611;      Kassel, kreisfreie Stadt;202137;201585;200736;199062;106,80;106,80;106,80;106,80
6631;      Fulda, Landkreis;223145;222584;221783;221170;1380,41;1380,41;1380,41;1380,41
6632;      Hersfeld-Rotenburg, Landkreis;120719;120829;121101;121037;1097,75;1097,75;1097,75;1097,74
6633;      Kassel, Landkreis;236764;236633;236674;236905;1293,31;1293,33;1293,35;1293,34
6634;      Schwalm-Eder-Kreis;179673;180222;180754;181105;1539,01;1539,01;1539,01;1539,02
6635;      Waldeck-Frankenberg, Landkreis;156406;156953;157256;157967;1848,70;1848,70;1848,70;1848,70
6636;      Werra-Meißner-Kreis;100629;101017;101101;100965;1024,83;1024,83;1024,83;1024,83
7;  Rheinland-Pfalz;4093903;4084844;4073679;4066053;19858,00;19858,00;19858,00;19858,00
71;    Koblenz, Stat. Region;1498223;1495885;1493055;1492187;8074,93;8074,93;8074,93;8074,93
7111;      Koblenz, kreisfreie Stadt;114052;114024;113844;113605;105,25;105,25;105,25;105,25
7131;      Ahrweiler, Landkreis;130086;129727;128914;128455;787,02;787,02;787,02;787,02
7132;      Altenkirchen (Westerwald), Landkreis;128805;128705;128791;128961;642,38;642,38;642,38;642,38
7133;      Bad Kreuznach, Landkreis;158345;158080;157549;157392;863,89;863,89;863,89;863,89
7134;      Birkenfeld, Landkreis;80951;80720;80728;80799;776,83;776,83;776,83;776,83
7135;      Cochem-Zell, Landkreis;61375;61587;61662;61864;692,43;692,43;692,43;692,43
7137;      Mayen-Koblenz, Landkreis;214434;214259;213554;212968;817,73;817,73;817,73;817,73
7138;      Neuwied, Landkreis;182811;181941;181655;181537;627,05;627,06;627,06;627,06
7140;      Rhein-Hunsrück-Kreis;103163;102937;102938;103026;991,06;991,06;991,06;991,06
7141;      Rhein-Lahn-Kreis;122297;122308;122381;122553;782,24;782,24;782,24;782,24
7143;      Westerwaldkreis;201904;201597;201039;201027;989,04;989,04;989,04;989,04
72;    Trier, Stat. Region;533113;531007;529597;528728;4925,82;4925,82;4925,82;4925,82
7211;      Trier, kreisfreie Stadt;111528;110636;110013;110111;117,06;117,06;117,06;117,07
7231;      Bernkastel-Wittlich, Landkreis;112483;112262;112134;112006;1167,92;1167,92;1167,94;1167,94
7232;      Eifelkreis Bitburg-Prüm;99058;98561;98213;98021;1626,95;1626,95;1626,95;1626,95
7233;      Vulkaneifel, Landkreis;60646;60603;60705;60757;911,64;911,64;911,64;911,64
7235;      Trier-Saarburg, Landkreis;149398;148945;148532;147833;1102,26;1102,26;1102,24;1102,23
73;    Rheinhessen-Pfalz, Stat. Region;2062567;2057952;2051027;2045138;6851,04;6851,04;6851,04;6851,04
7311;      Frankenthal (Pfalz), kreisfreie Stadt;48762;48561;48417;48445;43,88;43,88;43,88;43,88
7312;      Kaiserslautern, kreisfreie Stadt;100030;99845;99684;99302;139,70;139,70;139,70;139,70
7313;      Landau in der Pfalz, kreisfreie Stadt;46881;46677;46292;46006;82,94;82,94;82,94;82,94
7314;      Ludwigshafen am Rhein, kreisfreie Stadt;172253;171061;168497;166621;77,43;77,43;77,43;77,43
7315;      Mainz, kreisfreie Stadt;218578;217118;215110;213528;97,73;97,73;97,73;97,73
7316;      Neustadt an der Weinstraße, kreisfreie Stadt;53264;53148;53353;53209;117,09;117,09;117,09;117,09
7317;      Pirmasens, kreisfreie Stadt;40231;40403;40632;40416;61,35;61,36;61,36;61,36
7318;      Speyer, kreisfreie Stadt;50561;50378;50931;50551;42,71;42,71;42,71;42,71
7319;      Worms, kreisfreie Stadt;83542;83330;83081;82595;108,73;108,73;108,73;108,73
7320;      Zweibrücken, kreisfreie Stadt;34193;34209;34270;34428;70,64;70,64;70,64;70,64
7331;      Alzey-Worms, Landkreis;129687;129244;128519;128197;588,07;588,07;588,07;588,07
7332;      Bad Dürkheim, Landkreis;132671;132660;132739;132960;594,64;594,64;594,64;594,64
7333;      Donnersbergkreis;75325;75101;75102;75203;645,41;645,41;645,41;645,41
7334;      Germersheim, Landkreis;129013;129075;128477;128205;463,32;463,32;463,32;463,32
7335;      Kaiserslautern, Landkreis;105979;106057;105649;105504;640,00;640,00;640,00;640,00
7336;      Kusel, Landkreis;70219;70526;70764;70899;573,61;573,61;573,61;573,60
7337;      Südliche Weinstraße, Landkreis;110521;110356;110622;110885;639,93;639,93;639,93;639,95
7338;      Rhein-Pfalz-Kreis;154609;154201;153629;153043;304,99;304,99;304,99;304,99
7339;      Mainz-Bingen, Landkreis;211417;210889;209785;209184;605,36;605,36;605,36;605,36
7340;      Südwestpfalz, Landkreis;94831;95113;95474;95957;953,53;953,52;953,52;953,50
8;  Baden-Württemberg, Land;11100394;11069533;11023425;10951893;35673,26;35673,65;35673,73;35673,71
81;    Stuttgart, Regierungsbezirk;4154223;4143418;4126688;4098278;10556,85;10556,85;10556,89;10556,86
8111;      Stuttgart, Landeshauptstadt, Stadtkreis;635911;634830;632743;628032;207,33;207,33;207,35;207,33
8115;      Böblingen, Landkreis;392807;391640;389548;385888;617,76;617,76;617,76;617,77
8116;      Esslingen, Landkreis;535024;533859;532447;528792;641,28;641,28;641,28;641,28
8117;      Göppingen, Landkreis;258145;257253;256345;254618;642,34;642,34;642,34;642,34
8118;      Ludwigsburg, Landkreis;545423;543984;542630;537902;686,77;686,77;686,77;686,77
8119;      Rems-Murr-Kreis, Landkreis;427248;426158;424878;422698;858,08;858,08;858,08;858,08
8121;      Heilbronn, , Universitätsstadt, Stadtkreis;126592;125960;125113;123771;99,90;99,89;99,89;99,89
8125;      Heilbronn, Landkreis;344456;343068;340772;337571;1099,91;1099,91;1099,91;1099,91
8126;      Hohenlohekreis, Landkreis;112655;112010;111392;110689;776,76;776,76;776,76;776,76
8127;      Schwäbisch Hall, Landkreis;196761;195861;194203;192958;1484,07;1484,07;1484,07;1484,07
8128;      Main-Tauber-Kreis, Landkreis;132399;132321;132189;132274;1304,12;1304,12;1304,13;1304,13
8135;      Heidenheim, Landkreis;132777;132472;132006;131498;627,13;627,13;627,14;627,14
8136;      Ostalbkreis, Landkreis;314025;314002;312422;311587;1511,39;1511,39;1511,39;1511,37
82;    Karlsruhe, Regierungsbezirk;2810854;2805129;2795783;2779314;6917,60;6917,91;6918,03;6918,03
8211;      Baden-Baden, Stadtkreis;55185;55123;54718;54307;140,19;140,19;140,19;140,19
8212;      Karlsruhe, Stadtkreis;312060;313092;311919;309999;173,42;173,42;173,42;173,42
8215;      Karlsruhe, Landkreis;445101;444232;442673;440337;1084,98;1085,29;1085,28;1085,28
8216;      Rastatt, Landkreis;231420;231018;230216;228907;738,43;738,43;738,43;738,43
8221;      Heidelberg, Stadtkreis;161485;160355;160601;159914;108,83;108,83;108,89;108,89
8222;      Mannheim, Stadtkreis;310658;309370;307997;304781;144,97;144,97;144,97;144,97
8225;      Neckar-Odenwald-Kreis, Landkreis;143633;143535;143376;143278;1125,95;1125,95;1125,94;1125,94
8226;      Rhein-Neckar-Kreis, Landkreis;548355;547625;546745;544400;1061,55;1061,55;1061,55;1061,55
8231;      Pforzheim, Stadtkreis;125957;125542;124289;123493;97,99;97,99;98,07;98,07
8235;      Calw, Landkreis;159201;158397;157424;155960;797,29;797,29;797,29;797,29
8236;      Enzkreis, Landkreis;199556;198905;198369;197246;573,60;573,60;573,60;573,60
8237;      Freudenstadt, Landkreis;118243;117935;117456;116692;870,40;870,40;870,39;870,39
83;    Freiburg, Regierungsbezirk;2271351;2264469;2254674;2239734;9346,44;9346,49;9346,40;9346,40
8311;      Freiburg im Breisgau, Stadtkreis;231195;230241;229636;227590;153,04;153,04;153,04;153,04
8315;      Breisgau-Hochschwarzwald, Landkreis;263601;262795;262405;260416;1378,32;1378,32;1378,31;1378,31
8316;      Emmendingen, Landkreis;166408;165383;164712;163251;679,80;679,80;679,79;679,79
8317;      Ortenaukreis, Landkreis;430953;429479;425932;423359;1850,35;1850,35;1850,34;1850,34
8325;      Rottweil, Landkreis;139878;139455;138858;138327;769,42;769,42;769,42;769,42
8326;      Schwarzwald-Baar-Kreis, Landkreis;212506;212381;211207;210084;1025,34;1025,34;1025,33;1025,33
8327;      Tuttlingen, Landkreis;140766;140152;139397;138119;734,38;734,38;734,38;734,38
8335;      Konstanz, Landkreis;286305;285325;284015;282191;817,98;817,98;817,98;817,98
8336;      Lörrach, Landkreis;228736;228639;228314;227545;806,67;806,72;806,71;806,71
8337;      Waldshut, Landkreis;171003;170619;170198;168852;1131,14;1131,14;1131,10;1131,10
84;    Tübingen, Regierungsbezirk;1863966;1856517;1846280;1834567;8852,36;8852,40;8852,42;8852,43
8415;      Reutlingen, Landkreis;287034;286748;285754;284082;1027,84;1027,84;1027,85;1027,85
8416;      Tübingen, Landkreis;228678;227331;225755;224635;519,11;519,11;519,12;519,12
8417;      Zollernalbkreis, Landkreis;189363;188935;188170;187401;917,58;917,58;917,58;917,58
8421;      Ulm, Stadtkreis;126790;126329;125596;123953;118,68;118,68;118,68;118,68
8425;      Alb-Donau-Kreis, Landkreis;197076;196047;194629;193318;1358,54;1358,55;1358,55;1358,55
8426;      Biberach, Landkreis;201282;199742;198265;196206;1409,52;1409,52;1409,53;1409,53
8435;      Bodenseekreis, Landkreis;217470;216227;214655;213070;664,77;664,80;664,79;664,79
8436;      Ravensburg, Landkreis;285424;284285;283264;281627;1632,08;1632,08;1632,10;1632,10
8437;      Sigmaringen, Landkreis;130849;130873;130192;130275;1204,23;1204,23;1204,23;1204,23
9;  Bayern;13124737;13076721;12997204;12930751;70541,57;70541,57;70542,03;70542,03
91;    Oberbayern, Regierungsbezirk;4710865;4686163;4649534;4633323;17529,10;17529,10;17529,25;17529,27
9161;      Ingolstadt;137392;136981;135244;133639;133,35;133,35;133,35;133,35
9162;      München, Landeshauptstadt;1484226;1471508;1456039;1464301;310,70;310,70;310,71;310,71
9163;      Rosenheim;63551;63324;63080;62672;37,22;37,22;37,22;37,22
9171;      Altötting, Landkreis;111516;111210;110338;109422;569,28;569,28;569,29;569,29
9172;      Berchtesgadener Land, Landkreis;105929;105722;105052;104480;839,82;839,82;839,83;839,83
9173;      Bad Tölz-Wolfratshausen, Landkreis;127917;127227;126572;125668;1110,67;1110,66;1110,67;1110,67
9174;      Dachau, Landkreis;154899;153884;152703;150839;579,16;579,16;579,16;579,16
9175;      Ebersberg, Landkreis;143649;142142;140800;139016;549,39;549,39;549,40;549,40
9176;      Eichstätt, Landkreis;132881;132341;131646;130808;1213,85;1213,85;1213,84;1213,86
9177;      Erding, Landkreis;138182;137660;136884;135429;870,74;870,74;870,75;870,75
9178;      Freising, Landkreis;180007;179116;177997;175803;799,85;799,85;799,85;799,85
9179;      Fürstenfeldbruck, Landkreis;219311;219320;217831;216857;434,80;434,80;434,80;434,80
9180;      Garmisch-Partenkirchen, Landkreis;88424;88467;88155;87877;1012,17;1012,17;1012,21;1012,21
9181;      Landsberg am Lech, Landkreis;120302;120071;119141;118725;804,36;804,36;804,37;804,36
9182;      Miesbach, Landkreis;100010;99726;99189;98828;866,21;866,22;866,22;866,22
9183;      Mühldorf a.Inn, Landkreis;115872;115250;114486;113222;805,33;805,33;805,33;805,33
9184;      München, Landkreis;350473;348871;346433;343405;664,25;664,25;664,26;664,26
9185;      Neuburg-Schrobenhausen, Landkreis;97303;96680;96164;95759;739,71;739,71;739,72;739,72
9186;      Pfaffenhofen a.d.Ilm, Landkreis;128227;127151;126244;125085;761,05;761,05;761,05;761,04
9187;      Rosenheim, Landkreis;261330;260983;259449;257466;1439,44;1439,44;1439,45;1439,45
9188;      Starnberg, Landkreis;136667;136092;135545;134732;487,71;487,72;487,72;487,72
9189;      Traunstein, Landkreis;177319;177089;176290;175431;1533,76;1533,76;1533,76;1533,76
9190;      Weilheim-Schongau, Landkreis;135478;135348;134252;133859;966,28;966,28;966,30;966,30
92;    Niederbayern, Regierungsbezirk;1244169;1238528;1230037;1219397;10325,93;10325,93;10326,05;10326,04
9261;      Landshut;73411;72404;71193;70025;65,83;65,83;65,83;65,83
9262;      Passau;52803;52469;51781;51074;69,56;69,56;69,56;69,56
9263;      Straubing;47791;47794;47586;47142;67,59;67,59;67,59;67,59
9271;      Deggendorf, Landkreis;119478;119326;118741;117601;861,17;861,17;861,17;861,17
9272;      Freyung-Grafenau, Landkreis;78362;78355;78345;78180;983,85;983,85;983,87;983,87
9273;      Kelheim, Landkreis;123058;122258;121119;119969;1065,13;1065,13;1065,16;1065,14
9274;      Landshut, Landkreis;159895;158698;157239;155442;1347,55;1347,56;1347,57;1347,57
9275;      Passau, Landkreis;192656;192043;190504;188904;1530,09;1530,09;1530,12;1530,11
9276;      Regen, Landkreis;77410;77656;77489;77187;974,78;974,78;974,79;974,80
9277;      Rottal-Inn, Landkreis;121502;120659;120371;119617;1281,20;1281,20;1281,21;1281,22
9278;      Straubing-Bogen, Landkreis;101120;100649;99838;99221;1201,61;1201,61;1201,62;1201,62
9279;      Dingolfing-Landau, Landkreis;96683;96217;95831;95035;877,58;877,58;877,58;877,58
93;    Oberpfalz, Regierungsbezirk;1112102;1109269;1104407;1098378;9690,12;9690,12;9690,21;9690,21
9361;      Amberg;42207;41970;42248;42348;50,13;50,13;50,13;50,13
9362;      Regensburg;153094;152610;150894;148638;80,86;80,86;80,85;80,85
9363;      Weiden i.d.OPf.;42743;42520;42543;42494;70,57;70,57;70,57;70,57
9371;      Amberg-Sulzbach, Landkreis;103049;103109;102836;103009;1255,86;1255,86;1255,87;1255,87
9372;      Cham, Landkreis;127998;127882;127339;126918;1526,82;1526,82;1526,83;1520,13
9373;      Neumarkt i.d.OPf., Landkreis;134573;133561;132644;131662;1343,96;1343,96;1343,97;1343,96
9374;      Neustadt a.d.Waldnaab, Landkreis;94450;94352;94486;94528;1427,69;1427,69;1427,71;1427,71
9375;      Regensburg, Landkreis;194070;193572;192200;190481;1391,65;1391,65;1391,67;1391,67
9376;      Schwandorf, Landkreis;147872;147189;146487;145382;1458,34;1458,34;1458,36;1465,06
9377;      Tirschenreuth, Landkreis;72046;72504;72730;72918;1084,25;1084,25;1084,25;1084,25
94;    Oberfranken, Regierungsbezirk;1065371;1067482;1066840;1062394;7231,12;7231,12;7231,15;7231,15
9461;      Bamberg;77373;77592;77179;75743;54,62;54,62;54,62;54,62
9462;      Bayreuth;74783;74657;73999;73065;66,89;66,89;66,89;66,89
9463;      Coburg;41072;41249;41236;41071;48,29;48,29;48,29;48,29
9464;      Hof;45825;45930;45950;45183;58,02;58,02;58,02;58,02
9471;      Bamberg, Landkreis;147163;147086;146584;146042;1167,79;1167,79;1167,79;1167,80
9472;      Bayreuth, Landkreis;103664;103656;103805;103876;1273,62;1273,62;1273,63;1273,63
9473;      Coburg, Landkreis;86747;86906;86885;86734;590,42;590,42;590,42;590,42
9474;      Forchheim, Landkreis;116203;116099;115681;115259;642,82;642,82;642,83;642,83
9475;      Hof, Landkreis;94801;95311;95773;95915;892,52;892,52;892,52;892,52
9476;      Kronach, Landkreis;66743;67135;67474;67613;651,49;651,49;651,49;651,49
9477;      Kulmbach, Landkreis;71566;71845;72012;71993;658,33;658,33;658,34;658,34
9478;      Lichtenfels, Landkreis;66776;66838;66777;66640;519,94;519,94;519,94;519,94
9479;      Wunsiedel i.Fichtelgebirge, Landkreis;72655;73178;73485;73260;606,37;606,37;606,37;606,37
95;    Mittelfranken, Regierungsbezirk;1775169;1770401;1759643;1750059;7243,69;7243,69;7243,69;7243,69
9561;      Ansbach;41798;41847;41652;41532;99,91;99,91;99,91;99,91
9562;      Erlangen;112528;111962;110998;110238;76,96;76,96;76,96;76,96
9563;      Fürth;128497;127748;126526;125403;63,35;63,35;63,35;63,35
9564;      Nürnberg;518370;518365;515201;511628;186,45;186,45;186,45;186,45
9565;      Schwabach;40981;40792;40781;40707;40,80;40,80;40,80;40,80
9571;      Ansbach, Landkreis;184591;183949;183256;182178;1971,33;1971,33;1971,33;1971,33
9572;      Erlangen-Höchstadt, Landkreis;137262;136271;135334;134640;564,55;564,56;564,56;564,56
9573;      Fürth, Landkreis;117853;117387;116193;115971;307,44;307,44;307,44;307,44
9574;      Nürnberger Land, Landkreis;170792;170365;169752;168893;799,52;799,51;799,52;799,52
9575;      Neustadt a.d.Aisch-Bad Windsheim, Landkreis;101014;100364;99641;99332;1267,44;1267,44;1267,45;1267,45
9576;      Roth, Landkreis;126749;126958;126101;125563;895,16;895,16;895,15;895,15
9577;      Weißenburg-Gunzenhausen, Landkreis;94734;94393;94208;93974;970,78;970,78;970,78;970,78
96;    Unterfranken, Regierungsbezirk;1317619;1317124;1313375;1309209;8530,08;8530,08;8530,05;8530,05
9661;      Aschaffenburg;71002;70527;69928;69187;62,45;62,45;62,45;62,45
9662;      Schweinfurt;53426;54032;53437;52724;35,70;35,70;35,70;35,70
9663;      Würzburg;127934;127880;126635;126010;87,60;87,60;87,60;87,60
9671;      Aschaffenburg, Landkreis;174200;174208;173969;173504;698,90;698,90;698,90;698,90
9672;      Bad Kissingen, Landkreis;103235;103218;103265;103100;1136,90;1136,90;1136,84;1136,84
9673;      Rhön-Grabfeld, Landkreis;79635;79690;79796;79855;1021,68;1021,68;1021,72;1021,72
9674;      Haßberge, Landkreis;84384;84599;84464;84373;956,19;956,19;956,19;956,19
9675;      Kitzingen, Landkreis;91155;90909;90429;89748;684,14;684,14;684,14;684,14
9676;      Miltenberg, Landkreis;128743;128756;128484;128543;715,58;715,58;715,58;715,58
9677;      Main-Spessart, Landkreis;126158;126365;126523;126301;1321,20;1321,20;1321,19;1321,19
9678;      Schweinfurt, Landkreis;115445;115106;115105;114823;841,39;841,39;841,39;841,39
9679;      Würzburg, Landkreis;162302;161834;161340;161041;968,35;968,35;968,36;968,36
97;    Schwaben, Regierungsbezirk;1899442;1887754;1873368;1857991;9991,54;9991,54;9991,62;9991,62
9761;      Augsburg;296582;295135;292851;289584;146,86;146,85;146,87;146,87
9762;      Kaufbeuren;44398;43893;43478;43134;40,02;40,02;40,02;40,02
9763;      Kempten (Allgäu);69151;68907;68330;67529;63,28;63,28;63,28;63,28
9764;      Memmingen;44100;43837;43470;43293;70,11;70,11;70,11;70,11
9771;      Aichach-Friedberg, Landkreis;134655;133596;132596;131399;780,23;780,23;780,24;780,24
9772;      Augsburg, Landkreis;253468;251534;249838;247539;1070,63;1070,64;1070,62;1070,62
9773;      Dillingen a.d.Donau, Landkreis;96562;96021;95159;94556;792,23;792,23;792,23;792,23
9774;      Günzburg, Landkreis;127027;125747;124519;123498;762,40;762,40;762,40;762,40
9775;      Neu-Ulm, Landkreis;175204;174200;172546;171011;515,84;515,84;515,84;515,84
9776;      Lindau (Bodensee), Landkreis;81981;81669;81148;80961;323,39;323,39;323,39;323,39
9777;      Ostallgäu, Landkreis;141182;140316;139278;138265;1394,43;1394,43;1394,45;1394,45
9778;      Unterallgäu, Landkreis;145341;144041;142544;141165;1229,57;1229,57;1229,59;1229,59
9779;      Donau-Ries, Landkreis;133783;133496;133043;132298;1274,58;1274,58;1274,58;1274,58
9780;      Oberallgäu, Landkreis;156008;155362;154568;153759;1527,96;1527,96;1527,99;1527,99
10;  Saarland;986887;990509;994187;996651;2571,10;2571,10;2571,10;2571,10
10041;      Saarbrücken, Regionalverband;328714;329708;330150;329593;410,95;410,95;410,95;410,95
10041100;      Saarbrücken, Landeshauptstadt;180374;180741;180966;179709;167,52;167,52;167,52;167,52
10042;      Merzig-Wadern, Landkreis;103243;103366;103656;103908;556,66;556,66;556,66;556,66
10043;      Neunkirchen, Landkreis;131408;132206;133297;133984;249,80;249,80;249,80;249,80
10044;      Saarlouis, Landkreis;194319;195201;195815;196609;459,35;459,35;459,35;459,35
10045;      Saarpfalz-Kreis;142196;142631;143402;144100;418,27;418,27;418,27;418,27
10046;      St. Wendel, Landkreis;87007;87397;87867;88457;476,07;476,07;476,07;476,07
11000;  Berlin;3669491;3644826;3613495;3574830;891,12;891,12;891,12;891,12
11001001;      Berlin-Mitte;.;.;.;.;39,40;39,40;39,40;39,47
11002002;      Berlin-Friedrichshain-Kreuzberg;.;.;.;.;20,40;20,40;20,40;20,40
11003003;      Berlin-Pankow;.;.;.;.;103,22;103,22;103,22;103,15
11004004;      Berlin-Charlottenburg-Wilmersdorf;.;.;.;.;64,69;64,69;64,69;64,69
11005005;      Berlin-Spandau;.;.;.;.;91,88;91,88;91,88;91,88
11006006;      Berlin-Steglitz-Zehlendorf;.;.;.;.;102,56;102,56;102,56;102,56
11007007;      Berlin-Tempelhof-Schöneberg;.;.;.;.;53,05;53,05;53,05;53,05
11008008;      Berlin-Neukölln;.;.;.;.;44,93;44,93;44,93;44,93
11009009;      Berlin-Treptow-Köpenick;.;.;.;.;167,73;167,73;167,73;167,73
11010010;      Berlin-Marzahn-Hellersdorf;.;.;.;.;61,82;61,82;61,82;61,82
11011011;      Berlin-Lichtenberg;.;.;.;.;52,12;52,12;52,12;52,12
11012012;      Berlin-Reinickendorf;.;.;.;.;89,32;89,32;89,32;89,32
12;  Brandenburg;2521893;2511917;2504040;2494648;29654,43;29654,43;29654,37;29654,38
12051;      Brandenburg an der Havel, kreisfreie Stadt;72184;72124;71886;71664;229,72;229,71;229,72;229,72
12052;      Cottbus, kreisfreie Stadt;99678;100219;101036;100416;165,62;165,63;165,63;165,62
12053;      Frankfurt (Oder), kreisfreie Stadt;57751;57873;58237;58193;147,85;147,85;147,85;147,85
12054;      Potsdam, kreisfreie Stadt;180334;178089;175710;171810;188,24;188,25;188,26;188,26
12060;      Barnim, Landkreis;185244;182760;180864;179365;1479,58;1479,58;1479,59;1479,67
12061;      Dahme-Spreewald, Landkreis;170791;169067;167319;166074;2274,50;2274,50;2274,51;2274,49
12062;      Elbe-Elster, Landkreis;101827;102638;103455;104397;1899,19;1899,19;1899,60;1899,57
12063;      Havelland, Landkreis;162996;161909;160710;159685;1727,31;1727,31;1727,30;1727,30
12064;      Märkisch-Oderland, Landkreis;195751;194328;192921;191685;2158,65;2158,65;2158,65;2158,65
12065;      Oberhavel, Landkreis;212914;211249;209893;208639;1808,18;1808,19;1808,18;1808,18
12066;      Oberspreewald-Lausitz, Landkreis;109371;110476;111122;111962;1223,48;1223,48;1223,07;1223,09
12067;      Oder-Spree, Landkreis;178803;178658;178347;178849;2256,75;2256,75;2256,75;2256,75
12068;      Ostprignitz-Ruppin, Landkreis;98861;99078;99368;99414;2526,56;2526,55;2526,56;2526,57
12069;      Potsdam-Mittelmark, Landkreis;216566;214664;213214;212207;2592,02;2592,02;2592,01;2592,02
12070;      Prignitz, Landkreis;76158;76508;77263;77813;2138,54;2138,55;2138,55;2138,55
12071;      Spree-Neiße, Landkreis;113720;114429;115456;116826;1656,98;1656,98;1656,97;1656,97
12072;      Teltow-Fläming, Landkreis;169997;168296;166890;164771;2104,21;2104,21;2104,22;2104,23
12073;      Uckermark, Landkreis;118947;119552;120349;120878;3077,03;3077,03;3076,97;3076,89
13;  Mecklenburg-Vorpommern;1608138;1609675;1611119;1610674;23294,22;23293,62;23293,30;23292,73
13001;      Kreisfreie Stadt Greifswald, Hansestadt;-;-;-;-;-;-;-;-
13002;      Kreisfreie Stadt Neubrandenburg, Stadt;-;-;-;-;-;-;-;-
13003;      Kreisfreie Stadt Rostock, Hansestadt;209191;208886;208409;207513;181,36;181,36;181,36;181,36
13004;      Kreisfreie Stadt Schwerin, Landeshauptstadt;95653;95818;95797;95668;130,52;130,52;130,52;130,52
13005;      Kreisfreie Stadt Stralsund, Hansestadt;-;-;-;-;-;-;-;-
13006;      Kreisfreie Stadt Wismar, Hansestadt;-;-;-;-;-;-;-;-
13051;      Landkreis Bad Doberan;-;-;-;-;-;-;-;-
13052;      Landkreis Demmin;-;-;-;-;-;-;-;-
13053;      Landkreis Güstrow;-;-;-;-;-;-;-;-
13054;      Landkreis Ludwigslust;-;-;-;-;-;-;-;-
13055;      Landkreis Mecklenburg-Strelitz;-;-;-;-;-;-;-;-
13056;      Landkreis Müritz;-;-;-;-;-;-;-;-
13057;      Landkreis Nordvorpommern;-;-;-;-;-;-;-;-
13058;      Landkreis Nordwestmecklenburg;-;-;-;-;-;-;-;-
13059;      Landkreis Ostvorpommern;-;-;-;-;-;-;-;-
13060;      Landkreis Parchim;-;-;-;-;-;-;-;-
13061;      Landkreis Rügen;-;-;-;-;-;-;-;-
13062;      Landkreis Uecker-Randow;-;-;-;-;-;-;-;-
13071;      Landkreis Mecklenburgische Seenplatte;258074;259130;260574;261816;5495,60;5495,60;5495,62;5495,63
13072;      Landkreis Rostock;215794;215113;214635;213945;3431,29;3431,29;3431,29;3431,29
13073;      Landkreis Vorpommern-Rügen;224702;224684;225123;224971;3216,02;3215,41;3215,03;3214,45
13074;      Landkreis Nordwestmecklenburg;157322;156729;156993;156825;2127,08;2127,08;2127,12;2127,12
13075;      Landkreis Vorpommern-Greifswald;235623;236697;237066;237374;3945,56;3945,56;3945,57;3945,58
13076;      Landkreis Ludwigslust-Parchim;211779;212618;212522;212562;4766,78;4766,79;4766,79;4766,78
14;  Sachsen;4071971;4077937;4081308;4081783;18449,93;18449,96;18449,97;18449,99
141;    Chemnitz, Regierungsbezirk;-;-;-;-;-;-;-;-
14161;      Chemnitz, kreisfreie Stadt;-;-;-;-;-;-;-;-
14166;      Plauen, kreisfreie Stadt;-;-;-;-;-;-;-;-
14167;      Zwickau, kreisfreie Stadt;-;-;-;-;-;-;-;-
14171;      Annaberg, Landkreis;-;-;-;-;-;-;-;-
14173;      Chemnitzer Land, Landkreis;-;-;-;-;-;-;-;-
14177;      Freiberg, Landkreis;-;-;-;-;-;-;-;-
14178;      Vogtlandkreis;-;-;-;-;-;-;-;-
14181;      Mittlerer Erzgebirgskreis;-;-;-;-;-;-;-;-
14182;      Mittweida, Landkreis;-;-;-;-;-;-;-;-
14188;      Stollberg, Landkreis;-;-;-;-;-;-;-;-
14191;      Aue-Schwarzenberg, Landkreis;-;-;-;-;-;-;-;-
14193;      Zwickauer Land, Landkreis;-;-;-;-;-;-;-;-
142;    Dresden, Regierungsbezirk;-;-;-;-;-;-;-;-
14262;      Dresden, kreisfreie Stadt;-;-;-;-;-;-;-;-
14263;      Görlitz, kreisfreie Stadt;-;-;-;-;-;-;-;-
14264;      Hoyerswerda, kreisfreie Stadt;-;-;-;-;-;-;-;-
14272;      Bautzen, Landkreis;-;-;-;-;-;-;-;-
14280;      Meißen, Landkreis;-;-;-;-;-;-;-;-
14284;      Niederschlesischer Oberlausitzkreis;-;-;-;-;-;-;-;-
14285;      Riesa-Großenhain, Landkreis;-;-;-;-;-;-;-;-
14286;      Löbau-Zittau, Landkreis;-;-;-;-;-;-;-;-
14287;      Sächsische Schweiz, Landkreis;-;-;-;-;-;-;-;-
14290;      Weißeritzkreis;-;-;-;-;-;-;-;-
14292;      Kamenz, Landkreis;-;-;-;-;-;-;-;-
143;    Leipzig, Regierungsbezirk;-;-;-;-;-;-;-;-
14365;      Leipzig, kreisfreie Stadt;-;-;-;-;-;-;-;-
14374;      Delitzsch, Landkreis;-;-;-;-;-;-;-;-
14375;      Döbeln, Landkreis;-;-;-;-;-;-;-;-
14379;      Leipziger Land, Landkreis;-;-;-;-;-;-;-;-
14383;      Muldentalkreis;-;-;-;-;-;-;-;-
14389;      Torgau-Oschatz, Landkreis;-;-;-;-;-;-;-;-
145;    Chemnitz, Stat. Region;1426380;1436445;1444953;1454144;6528,02;6528,02;6528,02;6528,02
14511;      Chemnitz, Stadt;246334;247237;246855;246353;221,05;221,05;221,05;221,05
14521;      Erzgebirgskreis;334948;337696;340373;344136;1827,91;1827,91;1827,91;1827,90
14522;      Mittelsachsen, Landkreis;304099;306185;308153;310505;2116,85;2116,85;2116,85;2116,85
14523;      Vogtlandkreis;225997;227796;229584;231051;1412,42;1412,42;1412,42;1412,43
14524;      Zwickau, Landkreis;315002;317531;319988;322099;949,78;949,78;949,79;949,79
146;    Dresden, Stat. Region;1596566;1598199;1598573;1600155;7944,28;7944,29;7944,27;7944,28
14612;      Dresden, Stadt;556780;554649;551072;547172;328,48;328,48;328,48;328,48
14625;      Bautzen, Landkreis;299758;300880;302634;304691;2395,60;2395,61;2395,60;2395,60
14626;      Görlitz, Landkreis;252725;254894;256587;258337;2111,41;2111,41;2111,41;2111,42
14627;      Meißen, Landkreis;241717;242165;242862;243889;1454,59;1454,59;1454,59;1454,59
14628;      Sächsische Schweiz-Osterzgebirge, Landkreis;245586;245611;245418;246066;1654,19;1654,19;1654,19;1654,18
147;    Leipzig, Stat. Region;1049025;1043293;1037782;1027484;3977,64;3977,66;3977,68;3977,69
14713;      Leipzig, Stadt;593145;587857;581980;571088;297,80;297,80;297,80;297,80
14729;      Leipzig, Landkreis;258139;257763;258008;258333;1651,28;1651,30;1651,32;1651,32
14730;      Nordsachsen, Landkreis;197741;197673;197794;198063;2028,56;2028,56;2028,56;2028,56
15;  Sachsen-Anhalt;2194782;2208321;2223081;2236252;20456,51;20454,31;20453,79;20452,14
15001;      Dessau-Roßlau, kreisfreie Stadt;80103;81237;82111;82505;244,71;244,71;244,75;244,75
15002;      Halle (Saale), kreisfreie Stadt;238762;239257;239173;238005;135,03;135,03;135,03;135,02
15003;      Magdeburg, kreisfreie Stadt;237565;238697;238478;238136;201,01;201,01;201,01;201,01
15081;      Altmarkkreis Salzwedel;83173;83765;84457;85236;2293,74;2293,36;2293,28;2293,05
15082;      Anhalt-Bitterfeld, Landkreis;158486;159854;161264;163100;1453,84;1453,82;1454,26;1453,54
15083;      Börde, Landkreis;170923;171734;172619;172959;2366,99;2366,91;2366,84;2366,59
15084;      Burgenlandkreis;178846;180190;181968;183174;1413,95;1413,75;1413,72;1413,70
15085;      Harz, Landkreis;213310;214446;216299;219643;2104,75;2104,72;2104,57;2104,53
15086;      Jerichower Land, Landkreis;89589;89928;90465;91345;1577,08;1576,94;1576,91;1576,85
15087;      Mansfeld-Südharz, Landkreis;134942;136249;138013;139781;1449,01;1448,92;1448,84;1448,85
15088;      Saalekreis;183815;184582;185494;185951;1434,01;1433,91;1433,73;1433,71
15089;      Salzlandkreis;189125;190560;192739;194575;1427,50;1427,33;1427,13;1426,83
15090;      Stendal, Landkreis;111190;111982;113186;114393;2424,11;2423,42;2423,26;2423,24
15091;      Wittenberg, Landkreis;124953;125840;126815;127449;1930,78;1930,48;1930,47;1930,45
151;    Dessau, Stat. Region;-;-;-;-;-;-;-;-
15101;      Dessau, kreisfreie Stadt;-;-;-;-;-;-;-;-
15151;      Anhalt-Zerbst, Kreis;-;-;-;-;-;-;-;-
15153;      Bernburg, Kreis;-;-;-;-;-;-;-;-
15154;      Bitterfeld, Kreis;-;-;-;-;-;-;-;-
15159;      Köthen, Kreis;-;-;-;-;-;-;-;-
15171;      Wittenberg, Kreis;-;-;-;-;-;-;-;-
152;    Halle, Stat. Region;-;-;-;-;-;-;-;-
15202;      Halle (Saale), kreisfreie Stadt;-;-;-;-;-;-;-;-
15256;      Burgenlandkreis;-;-;-;-;-;-;-;-
15260;      Mansfelder Land, Kreis;-;-;-;-;-;-;-;-
15261;      Merseburg-Querfurt, Kreis;-;-;-;-;-;-;-;-
15265;      Saalkreis;-;-;-;-;-;-;-;-
15266;      Sangerhausen, Kreis;-;-;-;-;-;-;-;-
15268;      Weißenfels, Kreis;-;-;-;-;-;-;-;-
153;    Magdeburg, Stat. Region;-;-;-;-;-;-;-;-
15303;      Magdeburg, kreisfreie Stadt;-;-;-;-;-;-;-;-
15352;      Aschersleben-Staßfurt, Kreis;-;-;-;-;-;-;-;-
15355;      Bördekreis;-;-;-;-;-;-;-;-
15357;      Halberstadt, Kreis;-;-;-;-;-;-;-;-
15358;      Jerichower Land, Kreis;-;-;-;-;-;-;-;-
15362;      Ohrekreis;-;-;-;-;-;-;-;-
15363;      Stendal, Kreis;-;-;-;-;-;-;-;-
15364;      Quedlinburg, Kreis;-;-;-;-;-;-;-;-
15367;      Schönebeck, Kreis;-;-;-;-;-;-;-;-
15369;      Wernigerode, Kreis;-;-;-;-;-;-;-;-
15370;      Altmarkkreis Salzwedel, Kreis;-;-;-;-;-;-;-;-
16;  Thüringen;2133378;2143145;2151205;2158128;16202,35;16202,37;16202,41;16202,37
16051;      Erfurt, kreisfreie Stadt;213981;213699;212988;211113;269,91;269,91;269,91;269,91
16052;      Gera, kreisfreie Stadt;93125;94152;94859;94750;152,18;152,18;152,19;152,19
16053;      Jena, kreisfreie Stadt;111343;111407;111099;110321;114,77;114,77;114,76;114,76
16054;      Suhl, kreisfreie Stadt;36789;34835;35166;35608;141,62;103,03;103,03;103,03
16055;      Weimar, kreisfreie Stadt;65228;65090;64426;64355;84,48;84,48;84,48;84,48
16056;      Eisenach, kreisfreie Stadt;42250;42370;42710;42588;104,17;104,17;104,17;104,17
16061;      Eichsfeld, Kreis;100006;100380;100645;101033;943,07;943,07;943,07;943,07
16062;      Nordhausen, Kreis;83416;83822;84697;85098;713,90;713,90;713,91;713,91
16063;      Wartburgkreis;118974;123025;123764;124729;1266,96;1307,44;1307,43;1307,43
16064;      Unstrut-Hainich-Kreis;102232;102912;103504;103948;979,68;979,69;979,69;979,69
16065;      Kyffhäuserkreis;74212;75009;75818;76685;1037,91;1037,91;1037,91;1037,89
16066;      Schmalkalden-Meiningen, Kreis;124916;122347;122952;123506;1251,21;1210,73;1210,73;1210,73
16067;      Gotha, Kreis;134908;135452;135521;135430;936,08;936,08;936,08;936,08
16068;      Sömmerda, Kreis;69427;69655;70027;70118;806,85;806,86;806,86;806,84
16069;      Hildburghausen, Kreis;63197;63553;63923;64330;938,42;938,42;938,42;938,42
16070;      Ilm-Kreis;106249;108742;108830;109167;805,12;843,71;843,71;843,71
16071;      Weimarer Land, Kreis;82156;81947;82131;82316;804,48;804,48;804,48;804,48
16072;      Sonneberg, Kreis;57717;56196;56361;56507;460,85;433,61;433,61;433,61
16073;      Saalfeld-Rudolstadt, Kreis;103199;106356;107368;108315;1008,79;1036,03;1036,03;1036,03
16074;      Saale-Holzland-Kreis;82950;83051;82990;84525;815,24;815,24;815,24;815,24
16075;      Saale-Orla-Kreis;80312;80868;81501;82362;1151,30;1151,30;1151,30;1151,30
16076;      Greiz, Kreis;97398;98159;99275;99717;845,98;845,98;845,98;845,98
16077;      Altenburger Land, Kreis;89393;90118;90650;91607;569,39;569,40;569,41;569,41